batch,filename,ne0,ne1,ne2,labels
1,./cnn_batched/msb_000001.msout,228373,1.7784364792893474,1.9627824837656447,2
1,./cnn_batched/msb_000001.msout,211743,0.30104285666417585,0.23903256344448653,3
1,./cnn_batched/msb_000001.msout,42423,1.8818052218002665,0.26921535626695253,4
1,./cnn_batched/msb_000001.msout,237469,0.5936526457384184,0.4286776136774454,3
1,./cnn_batched/msb_000001.msout,404744,1.7267540611655487,0.6449869279125555,4
1,./cnn_batched/msb_000001.msout,164814,0.23422722127033918,0.7159681091881154,3
1,./cnn_batched/msb_000001.msout,418068,1.807710498314354,1.7474124963624376,2
1,./cnn_batched/msb_000001.msout,245413,0.5095506409413992,2.1801534390643527,5
1,./cnn_batched/msb_000001.msout,23388,2.072595280039981,1.836303421073933,2
1,./cnn_batched/msb_000001.msout,366923,0.9444925828513318,1.043721690213758,1
1,./cnn_batched/msb_000001.msout,237551,0.4672633870845746,0.21845992378724788,3
1,./cnn_batched/msb_000001.msout,52740,0.5234502665807519,2.2266759237870946,5
1,./cnn_batched/msb_000001.msout,410472,0.5855814627013143,0.6753892918003788,3
1,./cnn_batched/msb_000001.msout,266122,0.47494952041194677,1.9287324239107904,5
1,./cnn_batched/msb_000001.msout,369414,0.6508354660728528,2.042239950094828,5
1,./cnn_batched/msb_000001.msout,225181,0.5674305726567899,1.8062872323065522,5
1,./cnn_batched/msb_000001.msout,210623,1.1986379225437453,1.1428928464937351,1
1,./cnn_batched/msb_000001.msout,92771,0.7373941886536872,0.7521383016668797,1
1,./cnn_batched/msb_000001.msout,475099,0.8421068171515179,1.1825615135478775,1
1,./cnn_batched/msb_000001.msout,157731,0.3681297662262015,2.014120196959148,5
1,./cnn_batched/msb_000001.msout,309029,1.7661750776891922,1.8833946501641134,2
1,./cnn_batched/msb_000001.msout,478910,2.0183526090995105,0.5854195941676865,4
1,./cnn_batched/msb_000001.msout,230997,0.6883240396433712,1.9164630364891275,5
1,./cnn_batched/msb_000001.msout,81680,1.8697145591886073,0.7430793093862296,4
1,./cnn_batched/msb_000001.msout,101421,1.9237211299066668,0.6788343228483553,4
1,./cnn_batched/msb_000001.msout,476317,2.13507236090923,1.891184074322405,2
1,./cnn_batched/msb_000001.msout,316664,0.3124242411397646,2.0444717628680875,5
1,./cnn_batched/msb_000001.msout,12965,0.483360642854838,0.25795954861151676,3
1,./cnn_batched/msb_000001.msout,15286,2.052473936198017,1.970053415691287,2
1,./cnn_batched/msb_000001.msout,93072,1.125747983249049,0.7349204415614392,1
1,./cnn_batched/msb_000001.msout,300693,2.0768768157903885,1.7782945030623674,2
1,./cnn_batched/msb_000001.msout,479779,0.4413170623269387,2.1413270957591726,5
2,./cnn_batched/msb_000002.msout,424590,0.5180433825408475,0.2375257357732981,3
2,./cnn_batched/msb_000002.msout,215298,0.9878323856423641,0.8132591942453514,1
2,./cnn_batched/msb_000002.msout,44452,2.078070484198592,0.5926635224585863,4
2,./cnn_batched/msb_000002.msout,382363,0.35508951499920427,1.906551036907688,5
2,./cnn_batched/msb_000002.msout,330866,1.7160440830719863,2.1600889893768147,2
2,./cnn_batched/msb_000002.msout,218391,0.6198078229630265,0.20424008964949197,3
2,./cnn_batched/msb_000002.msout,77054,1.0585579992130585,0.9246760164759444,1
2,./cnn_batched/msb_000002.msout,242841,0.7107282739869065,0.7442389237366476,3
2,./cnn_batched/msb_000002.msout,484721,0.392549810760081,1.8596597412334983,5
2,./cnn_batched/msb_000002.msout,424697,0.3871307585098754,0.24093248291286468,3
2,./cnn_batched/msb_000002.msout,317861,2.010168555201888,0.3848436620898914,4
2,./cnn_batched/msb_000002.msout,5589,0.3708902204266996,0.5305507740198543,3
2,./cnn_batched/msb_000002.msout,94029,0.6808624333922947,0.2688577150017378,3
2,./cnn_batched/msb_000002.msout,112183,2.138086176516764,0.7277197108150419,4
2,./cnn_batched/msb_000002.msout,97077,0.6134763574799987,0.4359354648143843,3
2,./cnn_batched/msb_000002.msout,494845,1.939421955315545,2.0092860890988975,2
2,./cnn_batched/msb_000002.msout,327308,2.048505956177476,2.210462572925448,2
2,./cnn_batched/msb_000002.msout,991,0.79504123109038,0.7259183438935022,1
2,./cnn_batched/msb_000002.msout,280151,1.868089750499658,2.2236621779830856,2
2,./cnn_batched/msb_000002.msout,421726,1.2458872866748263,0.8190300832056934,1
2,./cnn_batched/msb_000002.msout,180747,2.0274913185009975,0.5318271216858452,4
2,./cnn_batched/msb_000002.msout,432292,0.28002987326404744,2.1679081450937012,5
2,./cnn_batched/msb_000002.msout,213308,0.289024509033171,0.6832362249568824,3
2,./cnn_batched/msb_000002.msout,325111,0.9114986240432561,0.7002837391522307,1
2,./cnn_batched/msb_000002.msout,19871,2.2194363550280984,0.2737545473547337,4
2,./cnn_batched/msb_000002.msout,466649,1.9278560732494403,0.298882155760192,4
2,./cnn_batched/msb_000002.msout,331517,0.7039207263879912,2.0546528731033424,5
2,./cnn_batched/msb_000002.msout,119393,0.36564215405052714,0.3861260249239863,3
2,./cnn_batched/msb_000002.msout,168740,2.032789175483603,1.8502584084025364,2
2,./cnn_batched/msb_000002.msout,124367,0.8332219397048566,0.9325093711542161,1
2,./cnn_batched/msb_000002.msout,150672,1.8662833577003672,0.502009436102246,4
2,./cnn_batched/msb_000002.msout,362784,1.7893025068423651,0.24144460155970165,4
3,./cnn_batched/msb_000003.msout,450620,1.8921095337719582,1.9113192999023112,2
3,./cnn_batched/msb_000003.msout,137547,0.7109880114987717,0.31591396688968176,3
3,./cnn_batched/msb_000003.msout,126893,2.0238885949710372,0.6167152750946736,4
3,./cnn_batched/msb_000003.msout,100638,0.3630272325903299,1.9922839210206322,5
3,./cnn_batched/msb_000003.msout,144258,0.32231481588373523,1.7188562847058808,5
3,./cnn_batched/msb_000003.msout,464842,1.0317579421877314,1.0669020147157164,1
3,./cnn_batched/msb_000003.msout,184097,0.36372122387444983,2.056731342890528,5
3,./cnn_batched/msb_000003.msout,384750,1.0963220809905923,1.2115924064845176,1
3,./cnn_batched/msb_000003.msout,342416,0.7144576652750338,0.9802224010447509,1
3,./cnn_batched/msb_000003.msout,10208,2.0913674581834165,0.6454630961084449,4
3,./cnn_batched/msb_000003.msout,282595,0.3676811184408981,0.4638272826802219,3
3,./cnn_batched/msb_000003.msout,414745,0.6068220125547017,1.9772115819005105,5
3,./cnn_batched/msb_000003.msout,95639,0.3172409947857693,0.6446155041978263,3
3,./cnn_batched/msb_000003.msout,229660,1.759966871097464,2.143040166285303,2
3,./cnn_batched/msb_000003.msout,377175,0.20181408983696764,1.9801081118717447,5
3,./cnn_batched/msb_000003.msout,4727,0.7371986481684545,0.30982071309271175,3
3,./cnn_batched/msb_000003.msout,99136,0.4020154961381843,0.6248603735526193,3
3,./cnn_batched/msb_000003.msout,160485,1.9165335111062132,2.064813562257275,2
3,./cnn_batched/msb_000003.msout,213104,1.010304536828202,0.9055286855070814,1
3,./cnn_batched/msb_000003.msout,249691,0.629821788255221,1.8776037270502193,5
3,./cnn_batched/msb_000003.msout,37307,0.6238788273383693,2.176608487378386,5
3,./cnn_batched/msb_000003.msout,68729,1.8814063902413583,1.8792186935023496,2
3,./cnn_batched/msb_000003.msout,458927,2.1288637508579247,1.9975880192580293,2
3,./cnn_batched/msb_000003.msout,359226,0.22743050772887263,2.1321313990756754,5
3,./cnn_batched/msb_000003.msout,431658,1.8773303011946472,0.7435767647325524,4
3,./cnn_batched/msb_000003.msout,139914,0.37489257882814647,2.2043202466535803,5
3,./cnn_batched/msb_000003.msout,411083,2.1167306526555256,2.103398872982574,2
3,./cnn_batched/msb_000003.msout,249240,0.23515609631201695,0.4649015685146609,3
3,./cnn_batched/msb_000003.msout,132520,0.3293006887345167,1.8731391379475582,5
3,./cnn_batched/msb_000003.msout,339335,0.22049016685813233,0.5732294077793361,3
3,./cnn_batched/msb_000003.msout,464767,2.214628353644913,0.5456865887543336,4
3,./cnn_batched/msb_000003.msout,333723,1.9715175964004767,2.1319255158710093,2
4,./cnn_batched/msb_000004.msout,447446,0.760700073353793,0.8241056391142216,1
4,./cnn_batched/msb_000004.msout,280315,0.5629257064874902,0.6619811702112748,3
4,./cnn_batched/msb_000004.msout,483564,0.2830008720349328,1.9776864508788319,5
4,./cnn_batched/msb_000004.msout,266392,0.4020525423518797,0.5473549536979628,3
4,./cnn_batched/msb_000004.msout,130757,0.22268537946818223,0.37253013202909335,3
4,./cnn_batched/msb_000004.msout,261209,2.248814594841764,0.6954369695344125,4
4,./cnn_batched/msb_000004.msout,354085,1.244027482306586,0.7335213139039904,1
4,./cnn_batched/msb_000004.msout,256276,2.1578884007772716,0.22633984903150023,4
4,./cnn_batched/msb_000004.msout,107453,0.5791036802662097,0.5576559194346773,3
4,./cnn_batched/msb_000004.msout,309132,1.9628928522305988,0.6549232380456511,4
4,./cnn_batched/msb_000004.msout,199879,1.9478196076482044,2.1990917156081555,2
4,./cnn_batched/msb_000004.msout,32521,2.055912588444148,0.5401355044742656,4
4,./cnn_batched/msb_000004.msout,229982,0.9650392657141951,0.7619784394344085,1
4,./cnn_batched/msb_000004.msout,151755,0.9510858447162809,0.738808097402416,1
4,./cnn_batched/msb_000004.msout,198843,0.7046439273723148,0.2766649824954951,3
4,./cnn_batched/msb_000004.msout,424967,2.1853094232776806,2.067232287971223,2
4,./cnn_batched/msb_000004.msout,50065,0.7381242208587957,0.6453494635112316,3
4,./cnn_batched/msb_000004.msout,341971,0.7026164365684948,0.6574300985134712,3
4,./cnn_batched/msb_000004.msout,326402,0.7807729176587004,1.1743718752208034,1
4,./cnn_batched/msb_000004.msout,242216,2.1896561095907106,0.582131365059583,4
4,./cnn_batched/msb_000004.msout,377329,0.6408137434104673,2.1560090346109284,5
4,./cnn_batched/msb_000004.msout,28492,0.21834146903464074,0.7111541935649228,3
4,./cnn_batched/msb_000004.msout,89232,1.9126782790329075,0.4829278590772449,4
4,./cnn_batched/msb_000004.msout,398297,0.6497771451522811,2.1373581704452542,5
4,./cnn_batched/msb_000004.msout,130341,1.8652161794902364,0.35916719937628055,4
4,./cnn_batched/msb_000004.msout,59568,1.9444740373609875,0.4852285945686662,4
4,./cnn_batched/msb_000004.msout,324850,1.9830926156868938,0.26678589469410324,4
4,./cnn_batched/msb_000004.msout,387645,0.2823200772786206,0.5356755257624326,3
4,./cnn_batched/msb_000004.msout,223700,2.148883295694873,0.33640983298774213,4
4,./cnn_batched/msb_000004.msout,13343,0.6252766575148216,1.944668543706762,5
4,./cnn_batched/msb_000004.msout,191451,0.332590858650469,2.2221436346459655,5
4,./cnn_batched/msb_000004.msout,405957,2.0345295872336884,0.7323893456704342,4
5,./cnn_batched/msb_000005.msout,284410,1.059103264121386,0.870685610586295,1
5,./cnn_batched/msb_000005.msout,218278,1.8020256482654398,0.23755911353724307,4
5,./cnn_batched/msb_000005.msout,68347,0.4905602387763263,1.848674174007657,5
5,./cnn_batched/msb_000005.msout,241619,2.1061737861821594,1.8361865050020691,2
5,./cnn_batched/msb_000005.msout,182707,2.0315309516244446,0.4894752914923661,4
5,./cnn_batched/msb_000005.msout,21346,2.0849525790014507,0.7224159938756423,4
5,./cnn_batched/msb_000005.msout,385068,1.0211607059815475,1.0806449149628201,1
5,./cnn_batched/msb_000005.msout,443413,1.8667369494065897,0.3507865919618409,4
5,./cnn_batched/msb_000005.msout,138879,0.7077972293003183,2.1567534338473795,5
5,./cnn_batched/msb_000005.msout,79865,0.7097223722270546,0.820880724142107,1
5,./cnn_batched/msb_000005.msout,46542,1.9385647706852824,0.6785809825815821,4
5,./cnn_batched/msb_000005.msout,441459,0.49027660714388704,0.3930800880966526,3
5,./cnn_batched/msb_000005.msout,94966,1.8453408286690305,1.9325657552919109,2
5,./cnn_batched/msb_000005.msout,71521,1.7733742228531888,0.5809298292348397,4
5,./cnn_batched/msb_000005.msout,253782,2.2304367986313425,0.4107583779237158,4
5,./cnn_batched/msb_000005.msout,198972,0.3007032648918429,2.196008437407442,5
5,./cnn_batched/msb_000005.msout,181943,0.5925343188519159,2.002741527862982,5
5,./cnn_batched/msb_000005.msout,467696,0.21020577020627673,2.1400686051598434,5
5,./cnn_batched/msb_000005.msout,306273,2.1207366975250697,0.6659958972160505,4
5,./cnn_batched/msb_000005.msout,86635,0.5502534030381059,1.9213071544407332,5
5,./cnn_batched/msb_000005.msout,269730,0.6274758128052542,2.019050021652397,5
5,./cnn_batched/msb_000005.msout,433194,0.27864003052139263,1.72225217484487,5
5,./cnn_batched/msb_000005.msout,263508,0.3445416405140539,0.26077371173944297,3
5,./cnn_batched/msb_000005.msout,167419,2.1482658664789165,0.4623764861974631,4
5,./cnn_batched/msb_000005.msout,300700,0.9842306391077014,1.0191057136595685,1
5,./cnn_batched/msb_000005.msout,484319,1.7232738544676962,0.21612444226517552,4
5,./cnn_batched/msb_000005.msout,125892,2.1254512559979943,1.8897248185287305,2
5,./cnn_batched/msb_000005.msout,395193,2.241748917739393,0.415628305322147,4
5,./cnn_batched/msb_000005.msout,168824,1.731538601596763,0.31730148890185694,4
5,./cnn_batched/msb_000005.msout,281397,0.5740424983405656,0.4626320657891756,3
5,./cnn_batched/msb_000005.msout,360543,0.9569433955722151,0.7741096223160536,1
5,./cnn_batched/msb_000005.msout,99296,0.6151524682810101,1.8249011300241027,5
6,./cnn_batched/msb_000006.msout,131108,0.6732174720957724,0.3371595120392913,3
6,./cnn_batched/msb_000006.msout,241644,0.2928980389228124,1.7605107896025451,5
6,./cnn_batched/msb_000006.msout,138351,0.34899704867664527,1.973787011024572,5
6,./cnn_batched/msb_000006.msout,308449,0.4653861362591632,2.0777353894764397,5
6,./cnn_batched/msb_000006.msout,483874,0.34239375423677954,0.4287395094311486,3
6,./cnn_batched/msb_000006.msout,82623,1.9667394600746986,0.7277526449675518,4
6,./cnn_batched/msb_000006.msout,367994,1.9985096694319524,1.7136604681188055,2
6,./cnn_batched/msb_000006.msout,128755,1.800492746464161,2.1410022250121568,2
6,./cnn_batched/msb_000006.msout,409800,0.737516403158553,0.7250548687404852,1
6,./cnn_batched/msb_000006.msout,84644,0.34720949186624706,1.9344908119666322,5
6,./cnn_batched/msb_000006.msout,362068,2.030684702879411,0.32994249251024443,4
6,./cnn_batched/msb_000006.msout,66073,1.7841678054179724,1.8506936713190472,2
6,./cnn_batched/msb_000006.msout,482754,1.1455277671378896,1.1012619004567972,1
6,./cnn_batched/msb_000006.msout,448085,0.4472802351160623,1.9111512165518798,5
6,./cnn_batched/msb_000006.msout,103693,0.8929225080635939,1.231131868353215,1
6,./cnn_batched/msb_000006.msout,235979,0.39858319445122825,2.0749457794144393,5
6,./cnn_batched/msb_000006.msout,79006,2.0968299124824066,0.48966578598873245,4
6,./cnn_batched/msb_000006.msout,72446,1.9879765015020097,2.2105240227237344,2
6,./cnn_batched/msb_000006.msout,327787,0.5226584896919283,0.4710531427217851,3
6,./cnn_batched/msb_000006.msout,497335,0.9292113790977808,0.970767513896067,1
6,./cnn_batched/msb_000006.msout,423071,0.6650358211458778,1.7200973216969762,5
6,./cnn_batched/msb_000006.msout,184578,0.7363061046137829,1.0113263486459312,1
6,./cnn_batched/msb_000006.msout,119054,2.134380256469182,0.6152911547605273,4
6,./cnn_batched/msb_000006.msout,61595,0.24910829361323988,0.6736791890000403,3
6,./cnn_batched/msb_000006.msout,497393,1.0754420839318808,1.1976379246159112,1
6,./cnn_batched/msb_000006.msout,27729,0.5286436754254418,0.26564426644186545,3
6,./cnn_batched/msb_000006.msout,288829,1.2289239629312299,1.1954140655441945,1
6,./cnn_batched/msb_000006.msout,71451,0.9916103665478635,0.7859958311963502,1
6,./cnn_batched/msb_000006.msout,175681,0.8535075172563508,0.8812874253246105,1
6,./cnn_batched/msb_000006.msout,143698,0.7487186396191263,2.067934213553621,5
6,./cnn_batched/msb_000006.msout,395728,1.8787041964752513,0.5730801316041426,4
6,./cnn_batched/msb_000006.msout,497368,1.0082846411365525,1.054767151860311,1
7,./cnn_batched/msb_000007.msout,419571,0.23852770128374767,0.6850312759618735,3
7,./cnn_batched/msb_000007.msout,244339,0.7296999536426438,1.7865447974738626,5
7,./cnn_batched/msb_000007.msout,33435,2.187965341567814,1.8184694081958628,2
7,./cnn_batched/msb_000007.msout,354421,2.2254564836570454,0.33723148507161554,4
7,./cnn_batched/msb_000007.msout,111237,2.085022448811394,0.45338182735339283,4
7,./cnn_batched/msb_000007.msout,298772,2.173341503247634,1.7441614086902504,2
7,./cnn_batched/msb_000007.msout,116632,0.38242196283955643,1.916727240128601,5
7,./cnn_batched/msb_000007.msout,18479,1.7677746470837856,0.2361582231713848,4
7,./cnn_batched/msb_000007.msout,432477,0.9752036045226877,0.9476837503889405,1
7,./cnn_batched/msb_000007.msout,490703,0.9400712681361489,0.9511897799031053,1
7,./cnn_batched/msb_000007.msout,195805,0.36228478040718487,0.5217681689766909,3
7,./cnn_batched/msb_000007.msout,445125,0.38835392934703594,0.30836831309398177,3
7,./cnn_batched/msb_000007.msout,289185,0.33246615941214175,1.7178333401970896,5
7,./cnn_batched/msb_000007.msout,343781,2.07744178965439,0.6183338305732586,4
7,./cnn_batched/msb_000007.msout,153130,1.8877578234680257,0.7194366071186358,4
7,./cnn_batched/msb_000007.msout,422077,2.2129976993108653,2.1050429490686913,2
7,./cnn_batched/msb_000007.msout,113137,0.870885704759422,0.9517726023470954,1
7,./cnn_batched/msb_000007.msout,183115,0.43814425472644214,2.0837302586472037,5
7,./cnn_batched/msb_000007.msout,321864,0.462864027852964,2.224282539519932,5
7,./cnn_batched/msb_000007.msout,186409,0.32125745731971056,0.47840552980853124,3
7,./cnn_batched/msb_000007.msout,397117,0.6505151091140948,0.37394812156337043,3
7,./cnn_batched/msb_000007.msout,484046,0.7463719785555949,2.1362337391524076,5
7,./cnn_batched/msb_000007.msout,457019,0.7253236474652405,0.7043847263945522,3
7,./cnn_batched/msb_000007.msout,126361,2.0121398617912267,1.826888273382994,2
7,./cnn_batched/msb_000007.msout,114369,0.9623717146759372,0.7884859228081131,1
7,./cnn_batched/msb_000007.msout,259820,0.6072628909413241,1.9137505933631331,5
7,./cnn_batched/msb_000007.msout,159216,0.5076291615242581,2.009105292574858,5
7,./cnn_batched/msb_000007.msout,258992,2.2020806882424258,1.9683659319717632,2
7,./cnn_batched/msb_000007.msout,401055,1.774991634944358,1.7671588199508923,2
7,./cnn_batched/msb_000007.msout,442446,0.49769731014560054,2.062419171861285,5
7,./cnn_batched/msb_000007.msout,168975,1.803683779412884,1.819672391329873,2
7,./cnn_batched/msb_000007.msout,487994,1.7424689768955222,2.123844050010492,2
8,./cnn_batched/msb_000008.msout,275348,0.6760038554685579,0.3134398548858155,3
8,./cnn_batched/msb_000008.msout,66165,2.1471443913690633,0.2007255597896641,4
8,./cnn_batched/msb_000008.msout,370153,2.086943748613445,1.7899363217402091,2
8,./cnn_batched/msb_000008.msout,84969,1.2469354062560976,1.1094872218877323,1
8,./cnn_batched/msb_000008.msout,283029,0.26426672423349234,0.443686217906722,3
8,./cnn_batched/msb_000008.msout,383709,0.6115394795513457,2.061563862009815,5
8,./cnn_batched/msb_000008.msout,310274,2.237530762604003,2.1891984092116736,2
8,./cnn_batched/msb_000008.msout,35702,1.1611453788863142,1.156818002838219,1
8,./cnn_batched/msb_000008.msout,231116,0.4020633016105446,0.4141723560537365,3
8,./cnn_batched/msb_000008.msout,320673,2.071473815996162,0.21840301054927508,4
8,./cnn_batched/msb_000008.msout,357583,0.4872918050943824,2.0192035775486885,5
8,./cnn_batched/msb_000008.msout,85337,1.755000983763656,1.9483523673578864,2
8,./cnn_batched/msb_000008.msout,359117,0.4020380630046685,2.0731899530601665,5
8,./cnn_batched/msb_000008.msout,463586,0.8226273736735119,0.7600723503056344,1
8,./cnn_batched/msb_000008.msout,139304,0.6902815749801687,0.3234153750503496,3
8,./cnn_batched/msb_000008.msout,282021,0.730637229069403,1.8185362483437375,5
8,./cnn_batched/msb_000008.msout,95114,0.2870683023474055,0.4466578747915858,3
8,./cnn_batched/msb_000008.msout,433874,1.8655118173326657,1.9838014779312736,2
8,./cnn_batched/msb_000008.msout,23593,2.1465318663464727,2.24314217059802,2
8,./cnn_batched/msb_000008.msout,461507,0.3053347061666838,0.6983254880119272,3
8,./cnn_batched/msb_000008.msout,492842,1.0803958823140813,0.712506429544403,1
8,./cnn_batched/msb_000008.msout,169519,0.386566246669905,0.3313175258458532,3
8,./cnn_batched/msb_000008.msout,464709,1.7708407664881047,2.073374185679196,2
8,./cnn_batched/msb_000008.msout,204064,0.4419849230531048,0.25821636301156,3
8,./cnn_batched/msb_000008.msout,111333,2.020033957977204,0.6285774605756412,4
8,./cnn_batched/msb_000008.msout,379799,1.7172459015591155,0.49342508839644456,4
8,./cnn_batched/msb_000008.msout,384472,1.0238282239942724,1.028380506068623,1
8,./cnn_batched/msb_000008.msout,334256,0.21793797069900317,2.1552833149603026,5
8,./cnn_batched/msb_000008.msout,264408,0.39623376390533455,0.39230921479753744,3
8,./cnn_batched/msb_000008.msout,231806,1.8029999347786612,2.228823816058383,2
8,./cnn_batched/msb_000008.msout,294147,0.2716812501966358,0.20265654946437228,3
8,./cnn_batched/msb_000008.msout,122854,0.21353838727783153,0.6666506236477425,3
9,./cnn_batched/msb_000009.msout,329018,0.7457380945608507,1.9564627079564254,5
9,./cnn_batched/msb_000009.msout,201838,1.7799611696193574,0.28596863824453345,4
9,./cnn_batched/msb_000009.msout,118434,0.49411225363129735,0.24994729274495298,3
9,./cnn_batched/msb_000009.msout,471494,0.7415468744162934,1.9892641922316554,5
9,./cnn_batched/msb_000009.msout,8414,2.1112587375406067,0.23275759035514354,4
9,./cnn_batched/msb_000009.msout,352603,0.28907327096908836,0.7354707627916754,3
9,./cnn_batched/msb_000009.msout,123133,1.7597356826247803,0.5136142089033151,4
9,./cnn_batched/msb_000009.msout,200772,0.5234989925104476,2.136993690385685,5
9,./cnn_batched/msb_000009.msout,54814,2.165710532959754,0.26696437915510896,4
9,./cnn_batched/msb_000009.msout,47623,0.4307376176379145,2.0445257636599674,5
9,./cnn_batched/msb_000009.msout,317405,0.45120311900660315,2.145186787345576,5
9,./cnn_batched/msb_000009.msout,257493,0.894909205508677,1.136877430178306,1
9,./cnn_batched/msb_000009.msout,181140,0.4155330791421088,0.26509411659269727,3
9,./cnn_batched/msb_000009.msout,161380,0.5475939017642797,2.239574289035342,5
9,./cnn_batched/msb_000009.msout,228666,0.5942597978405537,0.6557880969226191,3
9,./cnn_batched/msb_000009.msout,289224,1.9469614695903315,1.8371626404102237,2
9,./cnn_batched/msb_000009.msout,365397,0.9292829417516166,0.7709919802028617,1
9,./cnn_batched/msb_000009.msout,13346,0.6891585494184178,1.7540591766754585,5
9,./cnn_batched/msb_000009.msout,197597,0.4567395127918969,0.3312184278986641,3
9,./cnn_batched/msb_000009.msout,406330,1.0668514693357412,0.8419682293402069,1
9,./cnn_batched/msb_000009.msout,171645,0.44785194629404673,1.766061797914007,5
9,./cnn_batched/msb_000009.msout,398088,0.6672129490823733,0.7292887081671511,3
9,./cnn_batched/msb_000009.msout,15370,1.7660773419992974,1.9735546671845303,2
9,./cnn_batched/msb_000009.msout,167069,0.6097947676172877,2.1820140332477505,5
9,./cnn_batched/msb_000009.msout,119144,0.516373912653274,2.0087446856484226,5
9,./cnn_batched/msb_000009.msout,383581,1.1470033032447187,0.7362892006503341,1
9,./cnn_batched/msb_000009.msout,416482,1.8142418846489132,1.806380929171108,2
9,./cnn_batched/msb_000009.msout,146972,2.2443513783656743,0.2423810324575041,4
9,./cnn_batched/msb_000009.msout,183790,0.975750030950104,0.7099073078939667,1
9,./cnn_batched/msb_000009.msout,96875,2.2019220081453863,2.0926210786735324,2
9,./cnn_batched/msb_000009.msout,360660,1.8585968353820075,1.7939327865588888,2
9,./cnn_batched/msb_000009.msout,422173,0.95621360556037,0.9559188862980298,1
10,./cnn_batched/msb_000010.msout,114992,0.4762845870657804,1.7363101706476352,5
10,./cnn_batched/msb_000010.msout,486764,1.9502625299438634,1.8291334633475191,2
10,./cnn_batched/msb_000010.msout,37430,0.7096010988373349,1.8270436270212778,5
10,./cnn_batched/msb_000010.msout,367909,0.29509720512693854,0.4936748419511229,3
10,./cnn_batched/msb_000010.msout,350976,0.5522996938376603,0.7175750271223378,3
10,./cnn_batched/msb_000010.msout,262177,2.070413408028805,2.2259254426381405,2
10,./cnn_batched/msb_000010.msout,296199,0.5228233292301744,0.31148760598852265,3
10,./cnn_batched/msb_000010.msout,119804,1.8957168577224912,0.4378491256578678,4
10,./cnn_batched/msb_000010.msout,361901,0.4114790087749969,0.5926629772930097,3
10,./cnn_batched/msb_000010.msout,14538,0.22974494440370202,0.45076238522911766,3
10,./cnn_batched/msb_000010.msout,374216,0.613471055387949,1.7740820311040983,5
10,./cnn_batched/msb_000010.msout,486927,1.093744117965768,1.2070431053897868,1
10,./cnn_batched/msb_000010.msout,31885,0.6220383163200515,0.26149588874171004,3
10,./cnn_batched/msb_000010.msout,429909,0.2544733399055682,2.1606347191787902,5
10,./cnn_batched/msb_000010.msout,30151,2.222531952433665,2.2032617074719143,2
10,./cnn_batched/msb_000010.msout,482833,0.33383316380378336,0.28195491903647174,3
10,./cnn_batched/msb_000010.msout,363034,0.47246780514365866,1.7058484053264873,5
10,./cnn_batched/msb_000010.msout,30725,2.0290158220018033,0.7487745425732277,4
10,./cnn_batched/msb_000010.msout,276275,1.0504360112146358,0.747419958400575,1
10,./cnn_batched/msb_000010.msout,322986,2.142493242846328,0.5121582280955319,4
10,./cnn_batched/msb_000010.msout,330540,1.7591935763524251,0.5159353135355981,4
10,./cnn_batched/msb_000010.msout,260776,0.5596639019224272,0.6378604808806032,3
10,./cnn_batched/msb_000010.msout,255099,0.7152955740275633,1.2062037750591736,1
10,./cnn_batched/msb_000010.msout,161758,2.055970397993205,2.0375201241565324,2
10,./cnn_batched/msb_000010.msout,76642,0.620046824511727,1.7465178328718727,5
10,./cnn_batched/msb_000010.msout,360001,1.8694240205339596,0.24138789376536485,4
10,./cnn_batched/msb_000010.msout,365493,0.3283668942275909,2.0130964190809797,5
10,./cnn_batched/msb_000010.msout,333920,1.7621338194538252,0.6606205869317159,4
10,./cnn_batched/msb_000010.msout,234275,0.7437430986171452,1.9965176937295954,5
10,./cnn_batched/msb_000010.msout,376561,1.9093002397950087,1.8488458564786157,2
10,./cnn_batched/msb_000010.msout,478324,2.1202141738208655,2.1880111255670855,2
10,./cnn_batched/msb_000010.msout,97887,2.218193659132232,2.19236179372335,2
11,./cnn_batched/msb_000011.msout,330734,1.2185163290159755,0.8636656937658018,1
11,./cnn_batched/msb_000011.msout,499603,1.9324942501036406,2.114226516586056,2
11,./cnn_batched/msb_000011.msout,209121,0.23249281892578583,2.151053549292276,5
11,./cnn_batched/msb_000011.msout,364550,0.5129894211923672,2.233688320773007,5
11,./cnn_batched/msb_000011.msout,427038,1.0365339775930227,0.7774155119886813,1
11,./cnn_batched/msb_000011.msout,415057,2.035684215221641,0.24915032857528496,4
11,./cnn_batched/msb_000011.msout,258845,0.5895352511629969,1.9023288582436635,5
11,./cnn_batched/msb_000011.msout,274287,0.402009882379044,2.2225830120908046,5
11,./cnn_batched/msb_000011.msout,303287,0.3901844553016498,2.2000641372460445,5
11,./cnn_batched/msb_000011.msout,333398,0.26097842581817415,1.9507328603055842,5
11,./cnn_batched/msb_000011.msout,2207,1.1927119013375855,1.159892849390939,1
11,./cnn_batched/msb_000011.msout,486587,0.5879567703478263,1.9235207527325795,5
11,./cnn_batched/msb_000011.msout,450926,2.180897596187431,1.758795738116644,2
11,./cnn_batched/msb_000011.msout,436916,0.7663891033519332,0.7314227889646192,1
11,./cnn_batched/msb_000011.msout,429296,1.9706529894228348,0.5525877797204242,4
11,./cnn_batched/msb_000011.msout,14871,1.8077320847296732,2.1413584348072954,2
11,./cnn_batched/msb_000011.msout,140956,0.4679810395094654,2.216396118411841,5
11,./cnn_batched/msb_000011.msout,401143,0.7230423161719937,0.23302985773906737,3
11,./cnn_batched/msb_000011.msout,349017,0.30937064846969625,0.2826069287010212,3
11,./cnn_batched/msb_000011.msout,283549,1.244212112658803,1.0822637672038264,1
11,./cnn_batched/msb_000011.msout,351729,0.219533559885843,1.8691385715634168,5
11,./cnn_batched/msb_000011.msout,170148,0.2844514866302305,0.6971059822794753,3
11,./cnn_batched/msb_000011.msout,53933,0.9552671380008749,0.8097081864506539,1
11,./cnn_batched/msb_000011.msout,342311,0.5465910614256606,0.46555899172469634,3
11,./cnn_batched/msb_000011.msout,424681,1.845603520868322,0.5503677695385176,4
11,./cnn_batched/msb_000011.msout,378444,2.17061503209798,0.7463054687298494,4
11,./cnn_batched/msb_000011.msout,306856,0.5086732219564086,2.1735461589106615,5
11,./cnn_batched/msb_000011.msout,5973,1.7046612822725256,2.13662821534058,2
11,./cnn_batched/msb_000011.msout,154469,0.347681674100631,0.5133320894404227,3
11,./cnn_batched/msb_000011.msout,165067,1.7679823208847951,0.3983534720675749,4
11,./cnn_batched/msb_000011.msout,79321,0.5502754255679915,2.1052322769881364,5
11,./cnn_batched/msb_000011.msout,181320,1.7977195342458434,0.43713820204824816,4
12,./cnn_batched/msb_000012.msout,424725,0.44577388968323567,2.138977613890702,5
12,./cnn_batched/msb_000012.msout,102156,0.4377451147658562,0.6245575989361382,3
12,./cnn_batched/msb_000012.msout,87533,0.7365432066693829,0.31070919035611255,3
12,./cnn_batched/msb_000012.msout,87159,1.968893107422904,0.3679305366901308,4
12,./cnn_batched/msb_000012.msout,420826,0.6603122118663678,0.28708978375920347,3
12,./cnn_batched/msb_000012.msout,102171,1.9451526724177715,1.8091864924491374,2
12,./cnn_batched/msb_000012.msout,119585,0.6674777730099366,2.1367850594121096,5
12,./cnn_batched/msb_000012.msout,225490,1.8591751812909163,0.5119706358278022,4
12,./cnn_batched/msb_000012.msout,28407,0.5804257477397867,0.539684235161699,3
12,./cnn_batched/msb_000012.msout,480220,1.184754158799201,1.1018039675266467,1
12,./cnn_batched/msb_000012.msout,52272,0.3770863388410469,1.7090821830599572,5
12,./cnn_batched/msb_000012.msout,425751,2.0447761447272037,1.7782127983517824,2
12,./cnn_batched/msb_000012.msout,472095,2.245979499649327,0.3833488053545774,4
12,./cnn_batched/msb_000012.msout,275124,0.7235488815607196,0.5102100545897772,3
12,./cnn_batched/msb_000012.msout,399191,1.1983066370590634,0.8314401723711622,1
12,./cnn_batched/msb_000012.msout,242362,1.7800527658884695,1.7483406125438616,2
12,./cnn_batched/msb_000012.msout,48224,1.06065302399693,1.1879952488419154,1
12,./cnn_batched/msb_000012.msout,154130,0.2932016077995224,0.39055686194550704,3
12,./cnn_batched/msb_000012.msout,359966,0.20913972034325284,1.7649341773039229,5
12,./cnn_batched/msb_000012.msout,167199,0.7607215032733493,0.7257984889597802,1
12,./cnn_batched/msb_000012.msout,415214,1.9039847403392747,0.20175851200965295,4
12,./cnn_batched/msb_000012.msout,197880,1.7235595420770644,0.4686375521068077,4
12,./cnn_batched/msb_000012.msout,387194,1.803685545304964,0.56070702140838,4
12,./cnn_batched/msb_000012.msout,263027,1.1739360135631798,0.7281152158487822,1
12,./cnn_batched/msb_000012.msout,89070,0.5525330802128593,2.107629708640336,5
12,./cnn_batched/msb_000012.msout,246092,1.1300041877617373,0.7561124896202587,1
12,./cnn_batched/msb_000012.msout,285375,2.069753883109447,1.7319682017997085,2
12,./cnn_batched/msb_000012.msout,428757,0.4254744191579918,0.6747393410082838,3
12,./cnn_batched/msb_000012.msout,139257,0.47408650333972013,0.42478434122478675,3
12,./cnn_batched/msb_000012.msout,111402,2.1610327061781938,0.5932367975785298,4
12,./cnn_batched/msb_000012.msout,70890,0.6413039212849216,2.088687585696722,5
12,./cnn_batched/msb_000012.msout,48509,2.236284307378933,0.6199558121984091,4
13,./cnn_batched/msb_000013.msout,194183,0.29738475621997496,1.9825014006718016,5
13,./cnn_batched/msb_000013.msout,194540,2.1533727272976875,1.7049318820973187,2
13,./cnn_batched/msb_000013.msout,216729,1.0581822245215404,1.070377516717719,1
13,./cnn_batched/msb_000013.msout,17431,1.7873589486767123,0.6053843389127427,4
13,./cnn_batched/msb_000013.msout,44813,0.4404382247607172,1.784214243508988,5
13,./cnn_batched/msb_000013.msout,144811,0.48750451025044156,0.2886063108235814,3
13,./cnn_batched/msb_000013.msout,305715,1.1560463042060622,0.7946484952553793,1
13,./cnn_batched/msb_000013.msout,288998,0.47486237495022376,1.836083976483235,5
13,./cnn_batched/msb_000013.msout,287809,1.866430045209537,0.4196148236915894,4
13,./cnn_batched/msb_000013.msout,397833,0.6083478283160912,0.23365803107383287,3
13,./cnn_batched/msb_000013.msout,207781,0.3581438151326796,1.7671194519639037,5
13,./cnn_batched/msb_000013.msout,92670,0.552336351198311,1.9275705578187825,5
13,./cnn_batched/msb_000013.msout,261104,1.9143454026371616,1.9044919148169301,2
13,./cnn_batched/msb_000013.msout,131288,1.8454274478844863,0.21057646216514836,4
13,./cnn_batched/msb_000013.msout,366054,0.5507452921860079,0.22381452413619363,3
13,./cnn_batched/msb_000013.msout,401163,1.2192914895291922,1.2499408845749989,1
13,./cnn_batched/msb_000013.msout,82330,1.7554296512379777,0.7250342061027641,4
13,./cnn_batched/msb_000013.msout,354376,2.2318796537521046,0.552609117907803,4
13,./cnn_batched/msb_000013.msout,46267,0.2979248909093811,1.7283694804321592,5
13,./cnn_batched/msb_000013.msout,81840,0.479179361702584,2.099916781337398,5
13,./cnn_batched/msb_000013.msout,379219,2.0151206188590423,0.3020510031470183,4
13,./cnn_batched/msb_000013.msout,163195,0.9682083844595761,1.0981949109584126,1
13,./cnn_batched/msb_000013.msout,485981,2.1335326832288217,0.28962777802001904,4
13,./cnn_batched/msb_000013.msout,141118,1.0724817428240307,1.1581846726911318,1
13,./cnn_batched/msb_000013.msout,480979,1.7526041789194087,0.5695725486594406,4
13,./cnn_batched/msb_000013.msout,17177,0.22170565769241835,1.9538127664279887,5
13,./cnn_batched/msb_000013.msout,488548,0.731190399481281,0.92895592027767,1
13,./cnn_batched/msb_000013.msout,224897,0.986055841847405,0.9992189619963522,1
13,./cnn_batched/msb_000013.msout,105691,0.8009273745126426,0.8916679788115133,1
13,./cnn_batched/msb_000013.msout,101732,1.7592077781011708,0.24928578717126132,4
13,./cnn_batched/msb_000013.msout,402894,2.162654590156591,0.4445929289685713,4
13,./cnn_batched/msb_000013.msout,472725,2.141586279474872,2.159171933422862,2
14,./cnn_batched/msb_000014.msout,106688,2.016727005425463,0.6584761807732353,4
14,./cnn_batched/msb_000014.msout,35271,1.1678403850088683,1.1309417705712859,1
14,./cnn_batched/msb_000014.msout,29981,0.3604600740106601,2.0934455176028077,5
14,./cnn_batched/msb_000014.msout,147637,0.4834572546564685,0.25412477878584927,3
14,./cnn_batched/msb_000014.msout,175021,1.8430589250342806,0.30984194230008255,4
14,./cnn_batched/msb_000014.msout,300737,0.38142546878961137,1.93917894626253,5
14,./cnn_batched/msb_000014.msout,70641,0.28649047782120174,1.866526106759605,5
14,./cnn_batched/msb_000014.msout,462328,0.7220509254613308,0.7453762574025913,3
14,./cnn_batched/msb_000014.msout,237957,2.015304802405793,0.41341683146603686,4
14,./cnn_batched/msb_000014.msout,388499,0.6810313755504583,0.2395627960921402,3
14,./cnn_batched/msb_000014.msout,438712,1.7698572192594688,1.834084536059368,2
14,./cnn_batched/msb_000014.msout,266748,1.1128367373761716,1.180240348584154,1
14,./cnn_batched/msb_000014.msout,378240,2.047519745674487,0.49682137637647206,4
14,./cnn_batched/msb_000014.msout,198107,1.1640432468664499,0.7194855402038203,1
14,./cnn_batched/msb_000014.msout,86361,0.3136914726706149,0.2193738240152331,3
14,./cnn_batched/msb_000014.msout,346593,0.6377469433262317,0.20473242769505484,3
14,./cnn_batched/msb_000014.msout,269852,1.0702982316595004,0.9409311404617794,1
14,./cnn_batched/msb_000014.msout,212284,0.5404854986759767,2.14661082173298,5
14,./cnn_batched/msb_000014.msout,466999,2.071446243833403,2.0231259006315367,2
14,./cnn_batched/msb_000014.msout,416681,0.569417840644463,0.6824356899616395,3
14,./cnn_batched/msb_000014.msout,257802,0.363122697485143,0.5461598650293042,3
14,./cnn_batched/msb_000014.msout,219466,2.100625256145409,1.7161931419326864,2
14,./cnn_batched/msb_000014.msout,242328,1.8354768569930735,0.4984461474463534,4
14,./cnn_batched/msb_000014.msout,33182,1.8445599514672224,0.373558129492098,4
14,./cnn_batched/msb_000014.msout,135950,1.8812793982685656,1.9349590201571143,2
14,./cnn_batched/msb_000014.msout,94120,0.2826078859037693,2.1928569127738915,5
14,./cnn_batched/msb_000014.msout,333893,0.428467673871886,0.44882180970717234,3
14,./cnn_batched/msb_000014.msout,447029,2.2178066918270427,0.7175196444852954,4
14,./cnn_batched/msb_000014.msout,1620,2.220581180985982,0.487238241371101,4
14,./cnn_batched/msb_000014.msout,321971,1.9847197138920265,2.1411912636988943,2
14,./cnn_batched/msb_000014.msout,325884,1.7113758236219898,0.5989251467180606,4
14,./cnn_batched/msb_000014.msout,401349,0.651107067775883,2.2268851308554676,5
15,./cnn_batched/msb_000015.msout,29121,0.20939083114471008,2.1494124530193126,5
15,./cnn_batched/msb_000015.msout,199833,0.3521801923431167,2.0776266526051197,5
15,./cnn_batched/msb_000015.msout,120673,0.40401628509620713,2.197313872221212,5
15,./cnn_batched/msb_000015.msout,15357,0.8492221081637659,0.7028390118888115,1
15,./cnn_batched/msb_000015.msout,390048,0.5132881801313284,1.848012256218753,5
15,./cnn_batched/msb_000015.msout,373858,2.070206707078585,0.613031408958521,4
15,./cnn_batched/msb_000015.msout,472015,0.6991977177215516,2.14761432758223,5
15,./cnn_batched/msb_000015.msout,133117,1.1310074661239822,1.2035796863701047,1
15,./cnn_batched/msb_000015.msout,62637,0.452509461555815,0.45828804860641703,3
15,./cnn_batched/msb_000015.msout,279888,0.6742962569342184,0.46878753590153616,3
15,./cnn_batched/msb_000015.msout,288933,0.6350770862437698,2.152876909925588,5
15,./cnn_batched/msb_000015.msout,240592,0.6178691690047797,1.865215572095201,5
15,./cnn_batched/msb_000015.msout,213206,0.8529508304833182,0.9471601624956617,1
15,./cnn_batched/msb_000015.msout,153428,1.0409872159491786,0.8893180187042576,1
15,./cnn_batched/msb_000015.msout,223751,0.7088126912795187,0.6613118107064972,3
15,./cnn_batched/msb_000015.msout,88206,0.9643310034530179,0.9487973301874657,1
15,./cnn_batched/msb_000015.msout,98061,2.0681225280429265,1.8919287984052744,2
15,./cnn_batched/msb_000015.msout,437888,0.6526548868773242,1.749360778615734,5
15,./cnn_batched/msb_000015.msout,381917,0.567083515875852,2.1520919762816293,5
15,./cnn_batched/msb_000015.msout,452652,0.9368028030210698,0.8099899181973016,1
15,./cnn_batched/msb_000015.msout,103281,1.177635664988914,0.7817624349530499,1
15,./cnn_batched/msb_000015.msout,419776,1.979825788353017,1.741146294819425,2
15,./cnn_batched/msb_000015.msout,182926,0.6120746885763877,0.593687135337857,3
15,./cnn_batched/msb_000015.msout,167272,0.40601787428044545,1.90903031379124,5
15,./cnn_batched/msb_000015.msout,11562,0.3304339317062948,0.682495302448293,3
15,./cnn_batched/msb_000015.msout,286188,0.36097946278201665,1.706254745660538,5
15,./cnn_batched/msb_000015.msout,159472,2.200261055557164,0.2791969472708107,4
15,./cnn_batched/msb_000015.msout,403241,0.8901476513865576,1.008129590945337,1
15,./cnn_batched/msb_000015.msout,84139,1.8576232485878175,0.3059031053070692,4
15,./cnn_batched/msb_000015.msout,30289,1.732445106037802,0.48708093617021436,4
15,./cnn_batched/msb_000015.msout,31749,0.7331722988044193,1.0455231238969922,1
15,./cnn_batched/msb_000015.msout,169800,1.7878578537411287,1.7154567042788216,2
16,./cnn_batched/msb_000016.msout,168744,0.38762739621196185,2.094932065022837,5
16,./cnn_batched/msb_000016.msout,272611,0.49551919692224833,2.191579911523501,5
16,./cnn_batched/msb_000016.msout,119051,0.4953556791202776,0.2695374357349387,3
16,./cnn_batched/msb_000016.msout,302189,0.964004540067523,1.0543087742287582,1
16,./cnn_batched/msb_000016.msout,438053,0.3596403505482838,0.511083027883427,3
16,./cnn_batched/msb_000016.msout,165974,0.3159983802130167,2.155526758644841,5
16,./cnn_batched/msb_000016.msout,463370,2.2093253373477726,0.5418903881556827,4
16,./cnn_batched/msb_000016.msout,35624,0.8343668179606549,0.8112679550142388,1
16,./cnn_batched/msb_000016.msout,211856,1.109851386150539,1.2279223821291962,1
16,./cnn_batched/msb_000016.msout,354340,1.1754062708903192,1.2405977567786117,1
16,./cnn_batched/msb_000016.msout,64207,0.8948899018522306,0.9768669484395014,1
16,./cnn_batched/msb_000016.msout,257692,1.9459336605202426,2.1752975355463953,2
16,./cnn_batched/msb_000016.msout,494317,2.0350080523768272,2.2191581174361747,2
16,./cnn_batched/msb_000016.msout,412383,0.2989960241605529,2.2189950833555616,5
16,./cnn_batched/msb_000016.msout,396966,1.9523698650639145,0.4671135264481524,4
16,./cnn_batched/msb_000016.msout,166465,0.59283626938784,2.0185270336055807,5
16,./cnn_batched/msb_000016.msout,400514,0.7036365223880707,1.966368883211474,5
16,./cnn_batched/msb_000016.msout,377651,0.37231266613625214,2.2293257880793886,5
16,./cnn_batched/msb_000016.msout,177552,2.2231239303101655,1.80682766091848,2
16,./cnn_batched/msb_000016.msout,463653,0.5225234240729089,0.20967037898979846,3
16,./cnn_batched/msb_000016.msout,83677,1.819065810987699,0.23627303760068308,4
16,./cnn_batched/msb_000016.msout,14605,2.016765629887521,1.9645764880253376,2
16,./cnn_batched/msb_000016.msout,335190,1.7915059711001264,1.765829700331409,2
16,./cnn_batched/msb_000016.msout,317101,1.979488624585894,1.8065087403518005,2
16,./cnn_batched/msb_000016.msout,279093,2.071525009753574,0.46407153976716775,4
16,./cnn_batched/msb_000016.msout,244303,1.0911990239988845,0.7727114292229282,1
16,./cnn_batched/msb_000016.msout,73628,0.7064269253414699,1.859496388908953,5
16,./cnn_batched/msb_000016.msout,183171,0.9521674909217417,1.0780687213408966,1
16,./cnn_batched/msb_000016.msout,408195,0.7301213426861863,0.6804173091761281,3
16,./cnn_batched/msb_000016.msout,430903,0.6081957348908129,0.36395499598346,3
16,./cnn_batched/msb_000016.msout,175906,0.9972379174619972,1.1053997901156023,1
16,./cnn_batched/msb_000016.msout,257223,0.562536893721634,0.38807300083184765,3
17,./cnn_batched/msb_000017.msout,237615,1.2035066248550894,1.1082287186412412,1
17,./cnn_batched/msb_000017.msout,289879,0.7703789795310328,0.9855567896808293,1
17,./cnn_batched/msb_000017.msout,489228,0.32256710451020804,0.23776949493365096,3
17,./cnn_batched/msb_000017.msout,436376,0.5773395007606484,0.2541342664969471,3
17,./cnn_batched/msb_000017.msout,116381,2.2334334428139724,0.7230416765707648,4
17,./cnn_batched/msb_000017.msout,224175,2.0790231249507647,2.0099130564705243,2
17,./cnn_batched/msb_000017.msout,421122,1.8290236747946196,0.4377000387823141,4
17,./cnn_batched/msb_000017.msout,322669,0.8336009136979776,1.089381079401018,1
17,./cnn_batched/msb_000017.msout,56392,1.9721079217589919,2.0798750892379,2
17,./cnn_batched/msb_000017.msout,109794,1.2296436255148993,0.8320355087079613,1
17,./cnn_batched/msb_000017.msout,369571,0.7000477774920846,1.9275482138017876,5
17,./cnn_batched/msb_000017.msout,80119,2.0322509834674096,2.015525548077601,2
17,./cnn_batched/msb_000017.msout,301139,1.978454424039156,0.5794940759558955,4
17,./cnn_batched/msb_000017.msout,144480,2.2039239874485093,2.205607212212621,2
17,./cnn_batched/msb_000017.msout,455409,0.7490210942287518,1.9047818213995769,5
17,./cnn_batched/msb_000017.msout,247677,1.7383351701146315,0.5136116041838779,4
17,./cnn_batched/msb_000017.msout,314108,1.968107870267356,0.22039570463111957,4
17,./cnn_batched/msb_000017.msout,348826,0.8201232560780206,0.7083028734535926,1
17,./cnn_batched/msb_000017.msout,179033,0.6096445588439386,0.609578721942809,3
17,./cnn_batched/msb_000017.msout,1167,1.9502463251294366,1.8665441943614518,2
17,./cnn_batched/msb_000017.msout,323083,0.5813182771807665,1.9581242143993292,5
17,./cnn_batched/msb_000017.msout,51281,0.8674853086538687,0.8565446536408701,1
17,./cnn_batched/msb_000017.msout,169822,1.8522272427211572,0.5463320366119746,4
17,./cnn_batched/msb_000017.msout,325109,1.1888168706106423,0.9692618042580233,1
17,./cnn_batched/msb_000017.msout,344565,2.217141137224463,2.0168558591518746,2
17,./cnn_batched/msb_000017.msout,245048,1.991519406514616,0.6312199914350023,4
17,./cnn_batched/msb_000017.msout,187690,0.7146319200940685,0.2359098062362649,3
17,./cnn_batched/msb_000017.msout,97639,1.83999956024215,1.8946820594530611,2
17,./cnn_batched/msb_000017.msout,51531,1.8571980530565033,0.3468698256283679,4
17,./cnn_batched/msb_000017.msout,64976,1.9879035425940332,0.6638950682884486,4
17,./cnn_batched/msb_000017.msout,302331,0.6866914426200084,2.237443301916406,5
17,./cnn_batched/msb_000017.msout,34780,0.7139797399844787,1.9403641850511162,5
18,./cnn_batched/msb_000018.msout,93250,0.7102594613576108,1.1658086040325966,1
18,./cnn_batched/msb_000018.msout,290173,1.0294769262640542,1.1238500395733455,1
18,./cnn_batched/msb_000018.msout,131240,2.073499164777489,1.7117589189596756,2
18,./cnn_batched/msb_000018.msout,428063,0.7181372667900523,1.9972289420387406,5
18,./cnn_batched/msb_000018.msout,391356,0.8426835429220602,0.7316873122253427,1
18,./cnn_batched/msb_000018.msout,391365,0.23155733822870983,0.2402436834924574,3
18,./cnn_batched/msb_000018.msout,160346,0.9318635208372802,0.7024405528947699,1
18,./cnn_batched/msb_000018.msout,23271,0.22587210222699855,2.0235898269992227,5
18,./cnn_batched/msb_000018.msout,177945,0.3436383600755486,0.5582280258597474,3
18,./cnn_batched/msb_000018.msout,198637,2.1610786842633916,0.2337906138064677,4
18,./cnn_batched/msb_000018.msout,238939,1.8022430776891514,1.7378213249307768,2
18,./cnn_batched/msb_000018.msout,134297,0.27444264994353784,0.6684968969357525,3
18,./cnn_batched/msb_000018.msout,315898,0.8256643627544996,0.9959270444639059,1
18,./cnn_batched/msb_000018.msout,133851,0.5540732217237115,0.22368993971807155,3
18,./cnn_batched/msb_000018.msout,404081,0.7258307102406949,0.8343803607988132,1
18,./cnn_batched/msb_000018.msout,60871,1.0457872096516785,0.7810375156886555,1
18,./cnn_batched/msb_000018.msout,280297,1.7332248062599909,0.44536476712308937,4
18,./cnn_batched/msb_000018.msout,237812,2.189209301257716,1.9735906394486986,2
18,./cnn_batched/msb_000018.msout,23092,1.7027240858683221,0.6235733792477813,4
18,./cnn_batched/msb_000018.msout,424312,2.1223941542114106,0.3962210597512539,4
18,./cnn_batched/msb_000018.msout,31893,2.039216972249728,1.9732784583311527,2
18,./cnn_batched/msb_000018.msout,124623,0.29515879235745507,1.8625240728730215,5
18,./cnn_batched/msb_000018.msout,263335,1.819303882973067,1.9416896166868995,2
18,./cnn_batched/msb_000018.msout,300699,1.8810660080008397,2.0034416835480857,2
18,./cnn_batched/msb_000018.msout,50497,2.184855933139723,2.1896990220395622,2
18,./cnn_batched/msb_000018.msout,383840,0.4701844345872725,2.0624484407085375,5
18,./cnn_batched/msb_000018.msout,428287,2.116518592802296,0.34287115278147434,4
18,./cnn_batched/msb_000018.msout,137586,1.0086018470197677,0.7133342147854747,1
18,./cnn_batched/msb_000018.msout,107148,0.21621996781253194,0.28550988351640727,3
18,./cnn_batched/msb_000018.msout,315208,1.73033488514454,1.868579843074222,2
18,./cnn_batched/msb_000018.msout,473174,2.0441654589295326,0.4060821155390265,4
18,./cnn_batched/msb_000018.msout,191347,1.7049802262274487,1.701276868118733,2
19,./cnn_batched/msb_000019.msout,394250,1.8922370303069282,0.5559940377759285,4
19,./cnn_batched/msb_000019.msout,471334,1.1777172275537322,1.1374365386012988,1
19,./cnn_batched/msb_000019.msout,411125,0.8123598401315707,0.7541141044157722,1
19,./cnn_batched/msb_000019.msout,226295,0.8794959244576198,0.7933220787111588,1
19,./cnn_batched/msb_000019.msout,272064,0.8133113669472254,0.8849598510212169,1
19,./cnn_batched/msb_000019.msout,222677,2.140737119116522,2.2213048840538203,2
19,./cnn_batched/msb_000019.msout,197224,0.26940717137238557,0.7211431703050217,3
19,./cnn_batched/msb_000019.msout,269818,0.6677851401123543,2.078861058258236,5
19,./cnn_batched/msb_000019.msout,400645,0.7366829656445679,1.0942126025449301,1
19,./cnn_batched/msb_000019.msout,199061,1.7202949010384174,0.5911057800026225,4
19,./cnn_batched/msb_000019.msout,287122,0.704249553786289,0.7102802032695086,1
19,./cnn_batched/msb_000019.msout,403409,1.9198140095851133,0.3623096179534825,4
19,./cnn_batched/msb_000019.msout,125797,1.7986488901837872,0.49105877679510085,4
19,./cnn_batched/msb_000019.msout,23051,2.243477004081578,0.20602402998683278,4
19,./cnn_batched/msb_000019.msout,180030,0.3828882154975093,1.943711034619892,5
19,./cnn_batched/msb_000019.msout,422658,1.0273389886951103,1.0318316689694869,1
19,./cnn_batched/msb_000019.msout,177717,1.0569265293588275,1.0794666598746,1
19,./cnn_batched/msb_000019.msout,403985,0.5473987181405762,2.2260801459347013,5
19,./cnn_batched/msb_000019.msout,121456,1.9483781635657798,0.7427079175689644,4
19,./cnn_batched/msb_000019.msout,426158,1.8367414695982789,0.2723317015543686,4
19,./cnn_batched/msb_000019.msout,11418,0.20856202147466318,0.7482348840354476,3
19,./cnn_batched/msb_000019.msout,302037,2.0009581473989666,0.27610275465809997,4
19,./cnn_batched/msb_000019.msout,360081,2.1696267933171445,2.0738764756503483,2
19,./cnn_batched/msb_000019.msout,382002,0.3909766201745686,1.9122703170815014,5
19,./cnn_batched/msb_000019.msout,238229,1.1016376983996647,1.071303131985962,1
19,./cnn_batched/msb_000019.msout,335953,1.7577517256220099,0.7175738153097095,4
19,./cnn_batched/msb_000019.msout,478070,0.7506943487149426,1.1717578072893988,1
19,./cnn_batched/msb_000019.msout,155556,0.9756741101493849,0.8636372542898613,1
19,./cnn_batched/msb_000019.msout,182063,0.9424327312765438,0.8292445365604925,1
19,./cnn_batched/msb_000019.msout,147621,0.5248881734200792,1.8091644537471034,5
19,./cnn_batched/msb_000019.msout,272772,2.144136371758003,1.7970392857966675,2
19,./cnn_batched/msb_000019.msout,396131,1.044690049074572,0.7441887537579173,1
20,./cnn_batched/msb_000020.msout,193600,0.4788150945298036,2.111418488999255,5
20,./cnn_batched/msb_000020.msout,24179,2.072011402799712,2.042112743742262,2
20,./cnn_batched/msb_000020.msout,150482,1.9292959307017306,1.8435888852371078,2
20,./cnn_batched/msb_000020.msout,415725,1.9063865241675326,1.9332842631714346,2
20,./cnn_batched/msb_000020.msout,129837,1.148067629969718,1.0880974240095758,1
20,./cnn_batched/msb_000020.msout,288812,0.6504660651286545,2.1241715978841285,5
20,./cnn_batched/msb_000020.msout,280884,0.6656135759035715,0.6722439565775387,3
20,./cnn_batched/msb_000020.msout,51967,2.0833808954158144,0.35401269922286094,4
20,./cnn_batched/msb_000020.msout,197717,0.22233087422989917,0.22892628475616827,3
20,./cnn_batched/msb_000020.msout,293347,1.9610107062337414,2.097710377280157,2
20,./cnn_batched/msb_000020.msout,323696,0.6500801200232098,0.6771369757711354,3
20,./cnn_batched/msb_000020.msout,495659,0.2132784150362803,1.9816957409529266,5
20,./cnn_batched/msb_000020.msout,173067,0.7550964903396032,1.2009828205445838,1
20,./cnn_batched/msb_000020.msout,477323,0.3326448038251608,0.450672813889492,3
20,./cnn_batched/msb_000020.msout,18220,0.5131871073425818,0.5612231502704206,3
20,./cnn_batched/msb_000020.msout,22878,0.8303626918478133,0.8629399566918107,1
20,./cnn_batched/msb_000020.msout,188631,0.8480040771100366,0.8518045628943909,1
20,./cnn_batched/msb_000020.msout,468589,0.2273627133780345,2.21792261809438,5
20,./cnn_batched/msb_000020.msout,350377,1.978830789332048,2.019766788462412,2
20,./cnn_batched/msb_000020.msout,85696,1.9816362397750922,1.9231697078927936,2
20,./cnn_batched/msb_000020.msout,362562,0.8595318018338076,0.8847824632660025,1
20,./cnn_batched/msb_000020.msout,477360,2.0248643213219335,2.1863860092839946,2
20,./cnn_batched/msb_000020.msout,499439,1.0116817228296147,0.9873525616550591,1
20,./cnn_batched/msb_000020.msout,435860,0.3033791151607822,2.1496355488193064,5
20,./cnn_batched/msb_000020.msout,300518,1.1716757618991642,0.8583671165307258,1
20,./cnn_batched/msb_000020.msout,372702,1.8746930663996038,1.786345449129279,2
20,./cnn_batched/msb_000020.msout,56814,0.9736438696825817,0.8631116547843092,1
20,./cnn_batched/msb_000020.msout,258915,2.086389170482534,2.178646923767919,2
20,./cnn_batched/msb_000020.msout,259218,0.4704571001890528,0.5639374043568905,3
20,./cnn_batched/msb_000020.msout,159248,1.8755378358896406,1.8179236406648658,2
20,./cnn_batched/msb_000020.msout,495762,0.6692506692934006,0.23711933752389747,3
20,./cnn_batched/msb_000020.msout,300680,1.7653875696566184,1.8529281863959481,2
21,./cnn_batched/msb_000021.msout,172378,0.5704410898085135,1.9269626853965305,5
21,./cnn_batched/msb_000021.msout,286080,1.9867144733719106,0.5454634036425396,4
21,./cnn_batched/msb_000021.msout,419588,2.019575675329951,0.4683064871576854,4
21,./cnn_batched/msb_000021.msout,345419,1.018269648690774,0.7409492533693149,1
21,./cnn_batched/msb_000021.msout,31148,1.726930020133307,0.3095081588542732,4
21,./cnn_batched/msb_000021.msout,389897,0.5118403408196248,0.47427624207880187,3
21,./cnn_batched/msb_000021.msout,476108,1.2467677141227942,0.9776406553103583,1
21,./cnn_batched/msb_000021.msout,464676,2.0212428759166556,0.6718311699077941,4
21,./cnn_batched/msb_000021.msout,410208,2.2019621294450054,1.836306816049179,2
21,./cnn_batched/msb_000021.msout,13837,1.7814745300007764,0.5295150057369507,4
21,./cnn_batched/msb_000021.msout,69121,0.6420826992039471,1.7324650732659272,5
21,./cnn_batched/msb_000021.msout,423375,0.42865560603928987,0.3975814622966607,3
21,./cnn_batched/msb_000021.msout,456479,2.065362591823858,0.42800141945494186,4
21,./cnn_batched/msb_000021.msout,59439,1.0666051012282587,1.0656811411176172,1
21,./cnn_batched/msb_000021.msout,497580,1.7775929587773123,0.4486731014465142,4
21,./cnn_batched/msb_000021.msout,10309,0.31909517800335774,0.6927340130164455,3
21,./cnn_batched/msb_000021.msout,15530,2.023780281754207,2.067920772451648,2
21,./cnn_batched/msb_000021.msout,109355,2.0597632895686475,0.20546608094610763,4
21,./cnn_batched/msb_000021.msout,196127,0.537647896616892,0.4584974369361017,3
21,./cnn_batched/msb_000021.msout,275928,2.039917710548377,0.5201190099155869,4
21,./cnn_batched/msb_000021.msout,57385,0.7413298427548343,0.24856996839755197,3
21,./cnn_batched/msb_000021.msout,183829,0.6952441308412984,2.091717816638132,5
21,./cnn_batched/msb_000021.msout,213528,0.6264525675207495,1.8564191896410533,5
21,./cnn_batched/msb_000021.msout,352836,1.7937527845644667,0.6687429922862342,4
21,./cnn_batched/msb_000021.msout,188719,0.6035826323498882,0.5945605544733887,3
21,./cnn_batched/msb_000021.msout,73968,0.6535566154493779,2.2355654145871116,5
21,./cnn_batched/msb_000021.msout,48051,1.061402752852734,0.751309401258658,1
21,./cnn_batched/msb_000021.msout,57924,0.226479303350275,1.8185745491903746,5
21,./cnn_batched/msb_000021.msout,199667,1.7569482516454489,0.7007124870752643,4
21,./cnn_batched/msb_000021.msout,67360,1.7769072215871407,0.2530832975576346,4
21,./cnn_batched/msb_000021.msout,166759,1.7946442419025834,0.5042039105002757,4
21,./cnn_batched/msb_000021.msout,389681,2.165715622417684,1.8313219014158204,2
22,./cnn_batched/msb_000022.msout,223187,0.22832815551644403,2.182384040519927,5
22,./cnn_batched/msb_000022.msout,384375,2.0099773020098377,0.4444425397777055,4
22,./cnn_batched/msb_000022.msout,229583,2.188865498960541,2.164584262799433,2
22,./cnn_batched/msb_000022.msout,86719,0.6515953270284112,2.216733222659637,5
22,./cnn_batched/msb_000022.msout,16921,0.5654778554934533,0.2526866441356069,3
22,./cnn_batched/msb_000022.msout,327035,2.1405033290907833,2.156123201315768,2
22,./cnn_batched/msb_000022.msout,36534,1.1214457522988663,0.7788452262619163,1
22,./cnn_batched/msb_000022.msout,377486,2.154451353459267,0.2762430196062906,4
22,./cnn_batched/msb_000022.msout,256472,1.9294499266510619,1.8655700916387126,2
22,./cnn_batched/msb_000022.msout,135071,0.7040862408869721,0.5156422692620974,3
22,./cnn_batched/msb_000022.msout,240758,1.7632985470418507,1.7918774501441854,2
22,./cnn_batched/msb_000022.msout,32530,1.9027054907731848,1.937284014485128,2
22,./cnn_batched/msb_000022.msout,304333,2.1523522712393546,0.5946422895501599,4
22,./cnn_batched/msb_000022.msout,355165,0.999303018997645,0.9836542828780254,1
22,./cnn_batched/msb_000022.msout,369525,0.24706004796469716,1.8987420244189668,5
22,./cnn_batched/msb_000022.msout,202542,0.5059817558583519,0.496040067524591,3
22,./cnn_batched/msb_000022.msout,317940,1.8964365826061853,0.6010081295539753,4
22,./cnn_batched/msb_000022.msout,336112,2.1750279018345138,0.4527082415837669,4
22,./cnn_batched/msb_000022.msout,125950,0.2557065568254302,1.7003784796689747,5
22,./cnn_batched/msb_000022.msout,42123,1.7692756546745694,1.9785634757450035,2
22,./cnn_batched/msb_000022.msout,361338,2.223341717243689,0.5564785066275484,4
22,./cnn_batched/msb_000022.msout,148797,2.060669290104399,0.5579591951455676,4
22,./cnn_batched/msb_000022.msout,136876,0.3028985493993809,0.5080260059750326,3
22,./cnn_batched/msb_000022.msout,111591,0.44953620144657236,0.6257743571841876,3
22,./cnn_batched/msb_000022.msout,377949,0.6979503848321365,0.4466335045914822,3
22,./cnn_batched/msb_000022.msout,468520,0.5623105269368831,2.233260711768513,5
22,./cnn_batched/msb_000022.msout,466828,1.058865761586289,1.0908632340816948,1
22,./cnn_batched/msb_000022.msout,269238,2.2290294967014908,0.32711777238863615,4
22,./cnn_batched/msb_000022.msout,243109,0.4574429885883364,0.5805880567955404,3
22,./cnn_batched/msb_000022.msout,372898,1.7603192442453768,0.4467045458249604,4
22,./cnn_batched/msb_000022.msout,403688,0.565721874460968,1.9588367485519713,5
22,./cnn_batched/msb_000022.msout,466057,1.9999524081852527,0.6627454461418778,4
23,./cnn_batched/msb_000023.msout,349953,0.37957155371928075,0.2717294499206943,3
23,./cnn_batched/msb_000023.msout,388703,0.7412947029273989,0.5871599581880296,3
23,./cnn_batched/msb_000023.msout,192521,1.822536490107183,1.7377500822960554,2
23,./cnn_batched/msb_000023.msout,235588,2.1572558386364378,1.9399109026069505,2
23,./cnn_batched/msb_000023.msout,12448,1.7204494588456316,0.7040296427176913,4
23,./cnn_batched/msb_000023.msout,429543,2.0971577776876456,0.7241310834828814,4
23,./cnn_batched/msb_000023.msout,147816,1.7239843551768388,1.7777279627914024,2
23,./cnn_batched/msb_000023.msout,2332,1.8734316543135061,0.6085887587358905,4
23,./cnn_batched/msb_000023.msout,412283,1.1266010309054206,1.2068348977606318,1
23,./cnn_batched/msb_000023.msout,432029,1.7585340509047933,2.187481645878489,2
23,./cnn_batched/msb_000023.msout,434943,0.4193773928777018,1.8646344784615927,5
23,./cnn_batched/msb_000023.msout,320334,2.130392591777368,0.5939165720595233,4
23,./cnn_batched/msb_000023.msout,139618,2.085892847660319,2.068483237954891,2
23,./cnn_batched/msb_000023.msout,121627,1.9272566574389638,0.32079695493508686,4
23,./cnn_batched/msb_000023.msout,167959,0.31418071146261417,0.5033796679141924,3
23,./cnn_batched/msb_000023.msout,485972,0.5956037903778705,1.7953800321691422,5
23,./cnn_batched/msb_000023.msout,263422,0.6984802961783008,0.3430264819856089,3
23,./cnn_batched/msb_000023.msout,275523,1.91577851449506,0.5167530946155194,4
23,./cnn_batched/msb_000023.msout,226300,1.0427983897150117,1.1852482609221744,1
23,./cnn_batched/msb_000023.msout,152410,0.40337227825678035,0.7365133145519585,3
23,./cnn_batched/msb_000023.msout,119026,1.1328632072295404,1.127230673206867,1
23,./cnn_batched/msb_000023.msout,478090,1.1809759964535236,1.2020362335393409,1
23,./cnn_batched/msb_000023.msout,199282,1.7160027203949795,0.45620928401504207,4
23,./cnn_batched/msb_000023.msout,221640,2.057672530976905,0.5615303835181398,4
23,./cnn_batched/msb_000023.msout,81958,2.108930212015754,0.41188557934209835,4
23,./cnn_batched/msb_000023.msout,154260,2.126671717260734,1.8510554548442761,2
23,./cnn_batched/msb_000023.msout,69555,0.4562253643484023,0.711368571804001,3
23,./cnn_batched/msb_000023.msout,182823,2.05639987277462,0.37933233368500413,4
23,./cnn_batched/msb_000023.msout,107424,1.7051589251806467,0.2789078184204943,4
23,./cnn_batched/msb_000023.msout,169140,1.1090742128442448,0.8884625313135006,1
23,./cnn_batched/msb_000023.msout,348757,0.8883573885589333,0.9432259559766492,1
23,./cnn_batched/msb_000023.msout,36820,0.9451988638891669,0.7302773329718486,1
24,./cnn_batched/msb_000024.msout,193222,0.3162485442201538,1.8155223372671139,5
24,./cnn_batched/msb_000024.msout,230355,0.622593820857434,0.4956407310165304,3
24,./cnn_batched/msb_000024.msout,263600,2.012479921408257,1.907302089228426,2
24,./cnn_batched/msb_000024.msout,186700,1.749248863094127,1.8952635147386736,2
24,./cnn_batched/msb_000024.msout,417195,0.7933511688917039,1.0613189052319376,1
24,./cnn_batched/msb_000024.msout,176697,2.0272580683588877,2.243134679119639,2
24,./cnn_batched/msb_000024.msout,467056,0.7257088167192951,2.2037377653343406,5
24,./cnn_batched/msb_000024.msout,115292,1.1761518664843833,0.9925806414667582,1
24,./cnn_batched/msb_000024.msout,105702,1.8841032151464898,0.2621727654645961,4
24,./cnn_batched/msb_000024.msout,327758,1.98137206139643,1.7385695353476045,2
24,./cnn_batched/msb_000024.msout,402816,1.7251316665608607,0.4437551123697382,4
24,./cnn_batched/msb_000024.msout,127359,1.9228930528898118,0.5180654698831465,4
24,./cnn_batched/msb_000024.msout,186733,1.7463246024515133,2.0722760755132974,2
24,./cnn_batched/msb_000024.msout,460992,0.5900951051377902,1.9162615629049942,5
24,./cnn_batched/msb_000024.msout,261076,2.1651666571318717,0.6920769726407763,4
24,./cnn_batched/msb_000024.msout,297942,1.1366664664599582,1.2330781384435168,1
24,./cnn_batched/msb_000024.msout,249171,1.0515920534645862,0.7107519015349859,1
24,./cnn_batched/msb_000024.msout,271126,0.5390339935898665,0.2960505701866052,3
24,./cnn_batched/msb_000024.msout,433673,1.8312593640370325,0.5334511878477828,4
24,./cnn_batched/msb_000024.msout,54751,1.9024907464227554,0.7400329775825176,4
24,./cnn_batched/msb_000024.msout,46240,1.7940769248746467,0.672061547439087,4
24,./cnn_batched/msb_000024.msout,411932,1.8506585742159534,1.7365952445164847,2
24,./cnn_batched/msb_000024.msout,215254,0.4830542019033668,0.7235568722715087,3
24,./cnn_batched/msb_000024.msout,309447,2.1715795830700038,0.44437539774287993,4
24,./cnn_batched/msb_000024.msout,8447,1.7318419105602703,1.9398756692744958,2
24,./cnn_batched/msb_000024.msout,399946,1.1206810673824188,0.7082618565613992,1
24,./cnn_batched/msb_000024.msout,149949,1.9695437490154417,1.8881219121896646,2
24,./cnn_batched/msb_000024.msout,215587,0.4496238972759501,2.0394267108450586,5
24,./cnn_batched/msb_000024.msout,130315,0.6989634536188292,0.3365511391808596,3
24,./cnn_batched/msb_000024.msout,5641,1.7118618655709548,0.20867254426621573,4
24,./cnn_batched/msb_000024.msout,310371,0.4126854526573037,0.7311028803659276,3
24,./cnn_batched/msb_000024.msout,212877,0.5553859482988726,1.7558664815997318,5
25,./cnn_batched/msb_000025.msout,106484,1.847014085889074,1.708325750104427,2
25,./cnn_batched/msb_000025.msout,470580,0.4045825527693694,0.24695639653460266,3
25,./cnn_batched/msb_000025.msout,270570,0.7342270786612348,0.7098640750474792,3
25,./cnn_batched/msb_000025.msout,411577,0.3247679988960063,2.120631938833507,5
25,./cnn_batched/msb_000025.msout,181064,0.6497663904771633,1.7875303066633281,5
25,./cnn_batched/msb_000025.msout,397615,0.46746776664302014,0.6835782174109981,3
25,./cnn_batched/msb_000025.msout,63649,0.36076564937922484,0.7014680974466552,3
25,./cnn_batched/msb_000025.msout,468824,1.7276281774929552,0.445815320742034,4
25,./cnn_batched/msb_000025.msout,242895,0.26874818539599565,0.7497355326052273,3
25,./cnn_batched/msb_000025.msout,454367,2.0016935811445165,0.2709859546860266,4
25,./cnn_batched/msb_000025.msout,415152,0.2727843395991876,0.5653962026935586,3
25,./cnn_batched/msb_000025.msout,345285,0.4491824657987066,1.963406354287401,5
25,./cnn_batched/msb_000025.msout,110451,1.1190313715646714,0.7780239611456434,1
25,./cnn_batched/msb_000025.msout,69971,0.4427628732475162,2.0110344321431595,5
25,./cnn_batched/msb_000025.msout,208517,0.5957318797078821,2.2033748488019045,5
25,./cnn_batched/msb_000025.msout,219711,0.922995477927001,1.098086967561362,1
25,./cnn_batched/msb_000025.msout,29760,1.709624969518919,0.6591169359342678,4
25,./cnn_batched/msb_000025.msout,213974,0.8103073798778833,0.8526258057957343,1
25,./cnn_batched/msb_000025.msout,322772,0.5583790408653163,1.7505559011149885,5
25,./cnn_batched/msb_000025.msout,25877,0.6555844722499617,1.7263110620410336,5
25,./cnn_batched/msb_000025.msout,461977,0.3521061018764786,2.241749770045213,5
25,./cnn_batched/msb_000025.msout,227842,2.139560141204577,1.748425234393096,2
25,./cnn_batched/msb_000025.msout,89838,2.229949949021993,1.9704108797009003,2
25,./cnn_batched/msb_000025.msout,446269,0.3238387731681996,1.9720022943227868,5
25,./cnn_batched/msb_000025.msout,284541,1.1776021071218967,0.7896920173881372,1
25,./cnn_batched/msb_000025.msout,371501,0.4289978013458549,0.6177212667846108,3
25,./cnn_batched/msb_000025.msout,127394,0.6340077786955786,2.1240523861055856,5
25,./cnn_batched/msb_000025.msout,345404,1.83310109117692,1.7031540076836647,2
25,./cnn_batched/msb_000025.msout,35042,2.168789614791519,0.743680636467507,4
25,./cnn_batched/msb_000025.msout,24283,0.3912530315680451,0.4930356958421418,3
25,./cnn_batched/msb_000025.msout,54493,1.7082657278148523,2.082999923037358,2
25,./cnn_batched/msb_000025.msout,412805,0.7006763909056639,0.7259818848517596,1
26,./cnn_batched/msb_000026.msout,480181,0.790908532689047,0.8636757598788188,1
26,./cnn_batched/msb_000026.msout,141679,0.37293468341769276,1.9655298981943687,5
26,./cnn_batched/msb_000026.msout,346212,1.8445963384409896,0.6597781804640268,4
26,./cnn_batched/msb_000026.msout,63896,0.2941848385214598,0.297035322149402,3
26,./cnn_batched/msb_000026.msout,167365,0.35373677543707327,1.826687216678613,5
26,./cnn_batched/msb_000026.msout,191565,2.154235295538232,0.48415623462433766,4
26,./cnn_batched/msb_000026.msout,306987,2.2320723941431275,0.5875028367134693,4
26,./cnn_batched/msb_000026.msout,223125,0.33737700672539905,2.225860617099254,5
26,./cnn_batched/msb_000026.msout,384780,0.6239328748610036,0.4097898999823203,3
26,./cnn_batched/msb_000026.msout,178525,1.941587574307587,1.9084195338267536,2
26,./cnn_batched/msb_000026.msout,409739,0.4814985602855422,0.6211911234971695,3
26,./cnn_batched/msb_000026.msout,55479,0.38410342114078244,0.3444103632507676,3
26,./cnn_batched/msb_000026.msout,142350,0.4470585427901149,0.5219452325023128,3
26,./cnn_batched/msb_000026.msout,29667,1.9345506818864393,2.1356053685698675,2
26,./cnn_batched/msb_000026.msout,235990,2.019578108227953,0.3358111744827017,4
26,./cnn_batched/msb_000026.msout,126510,0.9751571383019475,0.9254988027929796,1
26,./cnn_batched/msb_000026.msout,51536,0.41875935860031865,0.5052037279946491,3
26,./cnn_batched/msb_000026.msout,57587,0.4574331183554051,2.1150561658702056,5
26,./cnn_batched/msb_000026.msout,429342,0.4637368397944303,1.7599964186931132,5
26,./cnn_batched/msb_000026.msout,126542,1.8563266115180117,0.23104270629651802,4
26,./cnn_batched/msb_000026.msout,10856,0.6492407896602522,0.52776534076919,3
26,./cnn_batched/msb_000026.msout,131474,0.7327476615173063,1.7981161682774942,5
26,./cnn_batched/msb_000026.msout,454150,2.1282533416156477,2.0657355037445737,2
26,./cnn_batched/msb_000026.msout,115851,1.7479699022497568,2.2337724619653576,2
26,./cnn_batched/msb_000026.msout,169279,0.8018386006957752,0.7836993917244783,1
26,./cnn_batched/msb_000026.msout,26107,0.5940335929903018,0.6343137383813293,3
26,./cnn_batched/msb_000026.msout,38951,0.37696469962296364,0.4014256440660994,3
26,./cnn_batched/msb_000026.msout,67737,0.3782011651748909,1.7009397966686128,5
26,./cnn_batched/msb_000026.msout,9662,0.6947048149209921,2.021768260499749,5
26,./cnn_batched/msb_000026.msout,280478,0.41178421122224995,0.2943450546227796,3
26,./cnn_batched/msb_000026.msout,169119,1.891439721325556,2.181558466631519,2
26,./cnn_batched/msb_000026.msout,211089,1.901459891608525,2.180974172332178,2
27,./cnn_batched/msb_000027.msout,176417,1.178490328891657,0.8909891736883282,1
27,./cnn_batched/msb_000027.msout,490810,0.7468656405523879,2.142513701438885,5
27,./cnn_batched/msb_000027.msout,434144,1.834183347314766,1.7258019286893325,2
27,./cnn_batched/msb_000027.msout,283596,1.8015042001873018,0.2625634235575155,4
27,./cnn_batched/msb_000027.msout,193466,0.4711946071097378,1.9565372361895363,5
27,./cnn_batched/msb_000027.msout,368679,2.116740540133491,0.32179371592217393,4
27,./cnn_batched/msb_000027.msout,189912,1.8902342224291167,2.2348079483123637,2
27,./cnn_batched/msb_000027.msout,418757,1.1713816512731512,0.9096516844017544,1
27,./cnn_batched/msb_000027.msout,348945,0.608306487794388,2.000522041082444,5
27,./cnn_batched/msb_000027.msout,102894,1.8364141435133658,0.6978640901340407,4
27,./cnn_batched/msb_000027.msout,397293,1.195070886491951,1.0457835849164931,1
27,./cnn_batched/msb_000027.msout,229004,0.3655699891321754,2.0627220974107656,5
27,./cnn_batched/msb_000027.msout,289770,0.7725218478422242,1.1973282268489804,1
27,./cnn_batched/msb_000027.msout,420697,2.1503921631048195,2.210090523430429,2
27,./cnn_batched/msb_000027.msout,462125,0.6796283138994462,0.5083442950154164,3
27,./cnn_batched/msb_000027.msout,124721,0.3838962537221453,1.9056011639478334,5
27,./cnn_batched/msb_000027.msout,418047,0.5077286501630174,0.478763343925265,3
27,./cnn_batched/msb_000027.msout,144329,0.9984008148560366,1.0969136066990552,1
27,./cnn_batched/msb_000027.msout,491054,0.8957468718082024,0.8148477683655758,1
27,./cnn_batched/msb_000027.msout,197217,0.6915803647220079,0.22956440599807404,3
27,./cnn_batched/msb_000027.msout,451247,0.9174206618990766,0.9373360112570723,1
27,./cnn_batched/msb_000027.msout,374158,1.8005131550826277,1.8486181394759527,2
27,./cnn_batched/msb_000027.msout,328445,1.8254434262199086,0.7394072815963895,4
27,./cnn_batched/msb_000027.msout,224742,0.4571617499537145,2.1029482392688776,5
27,./cnn_batched/msb_000027.msout,360477,0.8072142052623973,1.185382126275362,1
27,./cnn_batched/msb_000027.msout,79319,2.053937421797303,0.5920095463696453,4
27,./cnn_batched/msb_000027.msout,386021,2.2222409329986252,0.21067409147261595,4
27,./cnn_batched/msb_000027.msout,151709,0.3505313194122213,0.6692234325934765,3
27,./cnn_batched/msb_000027.msout,130616,2.2468033648546646,1.799818965787552,2
27,./cnn_batched/msb_000027.msout,27093,0.33776763105265806,1.757617102335641,5
27,./cnn_batched/msb_000027.msout,156818,1.8171479213895534,1.702760193518733,2
27,./cnn_batched/msb_000027.msout,457235,0.8578452438584736,1.1680769439702599,1
28,./cnn_batched/msb_000028.msout,113597,1.865432493264479,1.9138986774438587,2
28,./cnn_batched/msb_000028.msout,351182,1.1154139047659548,1.1916045837299358,1
28,./cnn_batched/msb_000028.msout,492562,1.9092384600662515,0.6060759258993138,4
28,./cnn_batched/msb_000028.msout,139150,1.9847459932969789,1.7853129113468125,2
28,./cnn_batched/msb_000028.msout,468282,1.194918897013807,1.1687262747101959,1
28,./cnn_batched/msb_000028.msout,489066,1.805404186590397,0.47609876749880076,4
28,./cnn_batched/msb_000028.msout,422447,1.8189170136730721,2.06468100977457,2
28,./cnn_batched/msb_000028.msout,36484,1.1423896325342457,1.0888022050895145,1
28,./cnn_batched/msb_000028.msout,360051,0.2866489828226379,1.8385287923830531,5
28,./cnn_batched/msb_000028.msout,290926,1.0926635102501838,0.9057623887895201,1
28,./cnn_batched/msb_000028.msout,6518,0.5968331143037734,1.7727987955236548,5
28,./cnn_batched/msb_000028.msout,114888,0.29670034715951454,0.7045605609329539,3
28,./cnn_batched/msb_000028.msout,257137,0.25572502528083113,1.9899752089976928,5
28,./cnn_batched/msb_000028.msout,249175,0.6198277757831248,0.2513934100899877,3
28,./cnn_batched/msb_000028.msout,219609,0.5668623875287996,1.79254248961235,5
28,./cnn_batched/msb_000028.msout,484758,0.5456677413848394,1.7158387941183153,5
28,./cnn_batched/msb_000028.msout,271305,0.7633630306279666,1.1637520543414956,1
28,./cnn_batched/msb_000028.msout,132828,0.3170830943995483,1.9047227838851875,5
28,./cnn_batched/msb_000028.msout,460021,1.0931025653528401,1.0040195839749702,1
28,./cnn_batched/msb_000028.msout,138771,0.7004554474998188,1.9239928746744543,5
28,./cnn_batched/msb_000028.msout,497072,0.803056720873797,1.232179350586386,1
28,./cnn_batched/msb_000028.msout,362021,0.43776515004652716,0.5079746514999847,3
28,./cnn_batched/msb_000028.msout,19095,0.7104986721163045,2.0945367094604053,5
28,./cnn_batched/msb_000028.msout,380527,1.949051207235739,2.1175259014351338,2
28,./cnn_batched/msb_000028.msout,351433,0.25211805351298455,0.31882146831802083,3
28,./cnn_batched/msb_000028.msout,84354,2.236501502699034,1.776426643570052,2
28,./cnn_batched/msb_000028.msout,465450,0.6990120361903392,0.6866169568089953,3
28,./cnn_batched/msb_000028.msout,6840,1.865780910311143,0.49404173073683094,4
28,./cnn_batched/msb_000028.msout,200104,0.5971480547219981,0.34353228265422064,3
28,./cnn_batched/msb_000028.msout,399996,0.2852674516938009,0.6763466987500588,3
28,./cnn_batched/msb_000028.msout,209136,2.1813935920098433,0.34080487266643245,4
28,./cnn_batched/msb_000028.msout,129929,0.522821479692779,0.7032573372666984,3
29,./cnn_batched/msb_000029.msout,467836,1.2140665976485578,0.7972098380181657,1
29,./cnn_batched/msb_000029.msout,182295,0.6033211863460709,1.7498640899378914,5
29,./cnn_batched/msb_000029.msout,253319,2.1498990726621345,0.4364675947961789,4
29,./cnn_batched/msb_000029.msout,476951,1.1840245579774402,1.0851497232138667,1
29,./cnn_batched/msb_000029.msout,325244,0.20517785261237942,0.2802238981857387,3
29,./cnn_batched/msb_000029.msout,296390,0.465282899430064,2.107511723041612,5
29,./cnn_batched/msb_000029.msout,109808,1.1933417597843818,0.9689383033764557,1
29,./cnn_batched/msb_000029.msout,151445,1.8691524467517298,0.3580388749926269,4
29,./cnn_batched/msb_000029.msout,111634,0.3268433384632177,0.6165595863356668,3
29,./cnn_batched/msb_000029.msout,219086,1.0065121201204523,0.7673408704540449,1
29,./cnn_batched/msb_000029.msout,474863,0.4694468240003071,1.9332051390054694,5
29,./cnn_batched/msb_000029.msout,432824,0.4563941086635476,1.8872143164350355,5
29,./cnn_batched/msb_000029.msout,497557,0.33921131211037037,1.961053366863871,5
29,./cnn_batched/msb_000029.msout,294310,0.3491048471808982,0.637356136135639,3
29,./cnn_batched/msb_000029.msout,107984,1.8918399289385146,0.4880669595645907,4
29,./cnn_batched/msb_000029.msout,490843,2.2059230597139408,0.320192863556723,4
29,./cnn_batched/msb_000029.msout,282695,0.9121698875140226,0.8135975231522079,1
29,./cnn_batched/msb_000029.msout,93107,0.23855728933730508,2.19235520652085,5
29,./cnn_batched/msb_000029.msout,467428,0.2017337350677172,2.170869003838429,5
29,./cnn_batched/msb_000029.msout,55418,0.7377299509414742,1.1886281467396786,1
29,./cnn_batched/msb_000029.msout,146591,0.5430242915663306,0.23466512745151685,3
29,./cnn_batched/msb_000029.msout,405923,0.7209890617507113,1.8671527322423536,5
29,./cnn_batched/msb_000029.msout,337194,0.5477753874836843,0.686008482686804,3
29,./cnn_batched/msb_000029.msout,304996,0.9575504183116543,0.7682157547949899,1
29,./cnn_batched/msb_000029.msout,97843,1.8315469714090011,0.6270727431112306,4
29,./cnn_batched/msb_000029.msout,399436,0.5877426417271491,1.8351977531118056,5
29,./cnn_batched/msb_000029.msout,366331,1.9963406562983783,1.8726075747356898,2
29,./cnn_batched/msb_000029.msout,240915,2.073431935131358,0.26117456515980547,4
29,./cnn_batched/msb_000029.msout,320469,0.9414286854317472,0.8366417198658986,1
29,./cnn_batched/msb_000029.msout,215412,0.28711076200421215,1.7426335934253219,5
29,./cnn_batched/msb_000029.msout,171693,0.8334675128496379,1.190729199368337,1
29,./cnn_batched/msb_000029.msout,498461,2.070239010799101,2.1057212933399625,2
30,./cnn_batched/msb_000030.msout,190521,0.5460164040765669,0.682103024121067,3
30,./cnn_batched/msb_000030.msout,76495,1.0386786960024434,1.1121515214452786,1
30,./cnn_batched/msb_000030.msout,133752,1.949789293769165,1.9250365627142663,2
30,./cnn_batched/msb_000030.msout,165892,0.27884400517838875,2.248651849963637,5
30,./cnn_batched/msb_000030.msout,48210,1.706118534053588,0.31538302066000706,4
30,./cnn_batched/msb_000030.msout,478693,0.6695575694656366,0.6169173843967666,3
30,./cnn_batched/msb_000030.msout,27742,0.4423524207559642,0.7217654765146446,3
30,./cnn_batched/msb_000030.msout,293038,1.2084333396081688,0.8045437683962098,1
30,./cnn_batched/msb_000030.msout,295908,0.7502658268635003,0.768050244185686,1
30,./cnn_batched/msb_000030.msout,414914,1.8397473713784782,2.1614944071090147,2
30,./cnn_batched/msb_000030.msout,40581,1.7415325184688328,1.9475791787352443,2
30,./cnn_batched/msb_000030.msout,303866,2.24730595144241,0.29026620402352155,4
30,./cnn_batched/msb_000030.msout,58636,0.2526427792209139,1.7814628164408721,5
30,./cnn_batched/msb_000030.msout,110455,0.41319990480846913,0.7167574172167657,3
30,./cnn_batched/msb_000030.msout,490843,0.4566185466824378,2.112176853276026,5
30,./cnn_batched/msb_000030.msout,106837,0.6024393732578045,2.161091437314105,5
30,./cnn_batched/msb_000030.msout,85452,0.6467816487362819,2.1682962083625643,5
30,./cnn_batched/msb_000030.msout,291915,2.1721128852096743,1.82857789971972,2
30,./cnn_batched/msb_000030.msout,275841,1.8988096412677855,1.841618268214706,2
30,./cnn_batched/msb_000030.msout,307670,0.3137361765374839,0.7465029784888422,3
30,./cnn_batched/msb_000030.msout,495595,1.21645973285209,1.1406500188377457,1
30,./cnn_batched/msb_000030.msout,196662,1.7492255758642756,0.43902410308812145,4
30,./cnn_batched/msb_000030.msout,301173,0.37346470579276947,2.1007463130781314,5
30,./cnn_batched/msb_000030.msout,385425,2.101158341139495,1.8529026898647925,2
30,./cnn_batched/msb_000030.msout,254668,0.4573719160967111,1.8867419492304363,5
30,./cnn_batched/msb_000030.msout,142234,2.0665208391006926,2.138747623861492,2
30,./cnn_batched/msb_000030.msout,422985,1.9525435183076019,0.6110302534907665,4
30,./cnn_batched/msb_000030.msout,392918,0.37189187117161626,0.7380397765639339,3
30,./cnn_batched/msb_000030.msout,370567,1.9163871504046663,1.875907409083859,2
30,./cnn_batched/msb_000030.msout,450536,1.9421370228673245,0.49637552161467796,4
30,./cnn_batched/msb_000030.msout,12572,1.9195688975289138,0.20883625045765547,4
30,./cnn_batched/msb_000030.msout,260745,0.4057346936262658,0.3919170022454068,3
31,./cnn_batched/msb_000031.msout,259398,0.9522491749943988,1.0095557651692861,1
31,./cnn_batched/msb_000031.msout,223459,0.255966299533753,0.644941279761763,3
31,./cnn_batched/msb_000031.msout,173424,0.3067741973595425,0.45107712726655613,3
31,./cnn_batched/msb_000031.msout,218042,2.1066510037851645,1.8477164484341555,2
31,./cnn_batched/msb_000031.msout,357513,0.685285345281138,2.13591170973955,5
31,./cnn_batched/msb_000031.msout,406218,0.2118224531808623,2.0478390095981442,5
31,./cnn_batched/msb_000031.msout,45650,0.39292018054163047,0.37271979328630067,3
31,./cnn_batched/msb_000031.msout,460798,2.1840298757559866,0.7104051488845053,4
31,./cnn_batched/msb_000031.msout,207373,0.8461126326761367,0.9061882164294199,1
31,./cnn_batched/msb_000031.msout,14427,0.7178456880237293,1.0281517763296206,1
31,./cnn_batched/msb_000031.msout,172715,1.9461343635964916,1.855323152227192,2
31,./cnn_batched/msb_000031.msout,7163,1.175723276085654,0.9601025588680336,1
31,./cnn_batched/msb_000031.msout,50144,2.0072342714365985,0.34273942129381435,4
31,./cnn_batched/msb_000031.msout,21017,1.7836860473011469,0.66220427519459,4
31,./cnn_batched/msb_000031.msout,6603,1.974450528680726,1.8314522103163464,2
31,./cnn_batched/msb_000031.msout,238888,2.1843980984619966,2.162116868222227,2
31,./cnn_batched/msb_000031.msout,106481,2.010039295422673,1.9954051023277062,2
31,./cnn_batched/msb_000031.msout,84606,0.28227077419602414,0.6126845708167032,3
31,./cnn_batched/msb_000031.msout,189926,1.7434256879722134,1.9642283769810802,2
31,./cnn_batched/msb_000031.msout,140198,0.43600134303208365,2.0882693217562665,5
31,./cnn_batched/msb_000031.msout,223714,1.2394899652440565,0.9307454318273354,1
31,./cnn_batched/msb_000031.msout,90869,1.9982543886605415,1.761719716871052,2
31,./cnn_batched/msb_000031.msout,100991,2.0265482560997503,1.7887988371915997,2
31,./cnn_batched/msb_000031.msout,326034,1.7659667994995978,0.369625496901696,4
31,./cnn_batched/msb_000031.msout,36812,0.6598423714416868,2.146182249374792,5
31,./cnn_batched/msb_000031.msout,147363,0.6345405165908372,2.0219775588953524,5
31,./cnn_batched/msb_000031.msout,60243,1.971578316647461,1.9644935487335156,2
31,./cnn_batched/msb_000031.msout,475309,1.8060143522843233,0.4280697278835044,4
31,./cnn_batched/msb_000031.msout,250122,1.8257100756630114,2.153504622417479,2
31,./cnn_batched/msb_000031.msout,436975,0.5378982069838032,0.7262404212481688,3
31,./cnn_batched/msb_000031.msout,63891,1.9261120811100343,2.1216856924838288,2
31,./cnn_batched/msb_000031.msout,452237,1.7634111534953008,2.009305582793016,2
32,./cnn_batched/msb_000032.msout,383788,1.8200363526900236,2.2461188346818544,2
32,./cnn_batched/msb_000032.msout,179306,0.8249788287352315,1.0072881993485197,1
32,./cnn_batched/msb_000032.msout,374571,0.8888136058613685,0.9529163706290402,1
32,./cnn_batched/msb_000032.msout,131508,0.5218440652118413,0.5055155545762527,3
32,./cnn_batched/msb_000032.msout,54217,0.6286174262531432,0.3847834402983399,3
32,./cnn_batched/msb_000032.msout,486205,1.0998203564023399,0.962439436657382,1
32,./cnn_batched/msb_000032.msout,442749,1.8662344429409503,1.970660073411658,2
32,./cnn_batched/msb_000032.msout,275988,0.6436014852486834,0.4526385142226808,3
32,./cnn_batched/msb_000032.msout,106253,2.1006350576129913,1.831409852528879,2
32,./cnn_batched/msb_000032.msout,369579,1.2019900279296822,1.0365745855336383,1
32,./cnn_batched/msb_000032.msout,174035,1.8545678151784712,2.1867200687118338,2
32,./cnn_batched/msb_000032.msout,405006,0.26233878644082276,2.0058832015186874,5
32,./cnn_batched/msb_000032.msout,76279,1.9245340453584956,0.7297614955884824,4
32,./cnn_batched/msb_000032.msout,200773,1.2307049384561004,1.0688442661652007,1
32,./cnn_batched/msb_000032.msout,258584,0.9305715211793804,1.232065082824741,1
32,./cnn_batched/msb_000032.msout,472264,0.9134540727048135,1.0531272533771763,1
32,./cnn_batched/msb_000032.msout,185679,1.9775890824724274,0.4709100472474424,4
32,./cnn_batched/msb_000032.msout,37739,0.40122647801695527,0.5479083267758432,3
32,./cnn_batched/msb_000032.msout,433188,0.3409875898659597,1.7427791881295596,5
32,./cnn_batched/msb_000032.msout,22264,0.3999833599303444,0.3611158504463803,3
32,./cnn_batched/msb_000032.msout,438913,2.0757399854845273,1.8503361076340559,2
32,./cnn_batched/msb_000032.msout,244181,0.619524576672929,0.4134188899515122,3
32,./cnn_batched/msb_000032.msout,456261,1.78562346670723,0.6412530350817044,4
32,./cnn_batched/msb_000032.msout,187029,1.8235032878592867,0.21562833266218073,4
32,./cnn_batched/msb_000032.msout,296950,0.559031706940539,2.212881788884065,5
32,./cnn_batched/msb_000032.msout,424974,1.8935540951860617,0.21849055327180222,4
32,./cnn_batched/msb_000032.msout,218677,2.1953222766181275,2.0877333840412304,2
32,./cnn_batched/msb_000032.msout,105648,0.7053741030291538,0.9825996089825444,1
32,./cnn_batched/msb_000032.msout,456810,1.1774863583587167,1.1059287109843408,1
32,./cnn_batched/msb_000032.msout,311860,0.33754877462705146,0.635557387095856,3
32,./cnn_batched/msb_000032.msout,94619,1.149716273373049,1.1776567834988692,1
32,./cnn_batched/msb_000032.msout,296027,0.25058933767185054,0.7064820488841577,3
